{
    "a": [
        "A"
    ],
    "b": [
        "B"
    ],
    "c": [
        "C"
    ],
    "d": [
        "D"
    ],
    "e": [
        "E"
    ],
    "f": [
        "F"
    ],
    "g": [
        "G"
    ],
    "h": [
        "H"
    ],
    "i": [
        "I"
    ],
    "j": [
        "J"
    ],
    "k": [
        "K",
        "\u212a"
    ],
    "l": [
        "L"
    ],
    "m": [
        "M"
    ],
    "n": [
        "N"
    ],
    "o": [
        "O"
    ],
    "p": [
        "P"
    ],
    "q": [
        "Q"
    ],
    "r": [
        "R"
    ],
    "s": [
        "S",
        "\u017f"
    ],
    "t": [
        "T"
    ],
    "u": [
        "U"
    ],
    "v": [
        "V"
    ],
    "w": [
        "W"
    ],
    "x": [
        "X"
    ],
    "y": [
        "Y"
    ],
    "z": [
        "Z"
    ],
    "\u03bc": [
        "\u00b5",
        "\u039c"
    ],
    "\u00e0": [
        "\u00c0"
    ],
    "a\u0300": [
        "A\u0300"
    ],
    "\u00e1": [
        "\u00c1"
    ],
    "a\u0301": [
        "A\u0301"
    ],
    "\u00e2": [
        "\u00c2"
    ],
    "a\u0302": [
        "A\u0302"
    ],
    "\u00e3": [
        "\u00c3"
    ],
    "a\u0303": [
        "A\u0303"
    ],
    "\u00e4": [
        "\u00c4"
    ],
    "a\u0308": [
        "A\u0308"
    ],
    "\u00e5": [
        "\u00c5",
        "\u212b"
    ],
    "a\u030a": [
        "A\u030a"
    ],
    "\u00e6": [
        "\u00c6"
    ],
    "\u00e7": [
        "\u00c7"
    ],
    "c\u0327": [
        "C\u0327"
    ],
    "\u00e8": [
        "\u00c8"
    ],
    "e\u0300": [
        "E\u0300"
    ],
    "\u00e9": [
        "\u00c9"
    ],
    "e\u0301": [
        "E\u0301"
    ],
    "\u00ea": [
        "\u00ca"
    ],
    "e\u0302": [
        "E\u0302"
    ],
    "\u00eb": [
        "\u00cb"
    ],
    "e\u0308": [
        "E\u0308"
    ],
    "\u00ec": [
        "\u00cc"
    ],
    "i\u0300": [
        "I\u0300"
    ],
    "\u00ed": [
        "\u00cd"
    ],
    "i\u0301": [
        "I\u0301"
    ],
    "\u00ee": [
        "\u00ce"
    ],
    "i\u0302": [
        "I\u0302"
    ],
    "\u00ef": [
        "\u00cf"
    ],
    "i\u0308": [
        "I\u0308"
    ],
    "\u00f0": [
        "\u00d0"
    ],
    "\u00f1": [
        "\u00d1"
    ],
    "n\u0303": [
        "N\u0303"
    ],
    "\u00f2": [
        "\u00d2"
    ],
    "o\u0300": [
        "O\u0300"
    ],
    "\u00f3": [
        "\u00d3"
    ],
    "o\u0301": [
        "O\u0301"
    ],
    "\u00f4": [
        "\u00d4"
    ],
    "o\u0302": [
        "O\u0302"
    ],
    "\u00f5": [
        "\u00d5"
    ],
    "o\u0303": [
        "O\u0303"
    ],
    "\u00f6": [
        "\u00d6"
    ],
    "o\u0308": [
        "O\u0308"
    ],
    "\u00f8": [
        "\u00d8"
    ],
    "\u00f9": [
        "\u00d9"
    ],
    "u\u0300": [
        "U\u0300"
    ],
    "\u00fa": [
        "\u00da"
    ],
    "u\u0301": [
        "U\u0301"
    ],
    "\u00fb": [
        "\u00db"
    ],
    "u\u0302": [
        "U\u0302"
    ],
    "\u00fc": [
        "\u00dc"
    ],
    "u\u0308": [
        "U\u0308"
    ],
    "\u00fd": [
        "\u00dd"
    ],
    "y\u0301": [
        "Y\u0301"
    ],
    "\u00fe": [
        "\u00de"
    ],
    "ss": [
        "\u00df",
        "\u1e9e"
    ],
    "\u0101": [
        "\u0100"
    ],
    "a\u0304": [
        "A\u0304"
    ],
    "\u0103": [
        "\u0102"
    ],
    "a\u0306": [
        "A\u0306"
    ],
    "\u0105": [
        "\u0104"
    ],
    "a\u0328": [
        "A\u0328"
    ],
    "\u0107": [
        "\u0106"
    ],
    "c\u0301": [
        "C\u0301"
    ],
    "\u0109": [
        "\u0108"
    ],
    "c\u0302": [
        "C\u0302"
    ],
    "\u010b": [
        "\u010a"
    ],
    "c\u0307": [
        "C\u0307"
    ],
    "\u010d": [
        "\u010c"
    ],
    "c\u030c": [
        "C\u030c"
    ],
    "\u010f": [
        "\u010e"
    ],
    "d\u030c": [
        "D\u030c"
    ],
    "\u0111": [
        "\u0110"
    ],
    "\u0113": [
        "\u0112"
    ],
    "e\u0304": [
        "E\u0304"
    ],
    "\u0115": [
        "\u0114"
    ],
    "e\u0306": [
        "E\u0306"
    ],
    "\u0117": [
        "\u0116"
    ],
    "e\u0307": [
        "E\u0307"
    ],
    "\u0119": [
        "\u0118"
    ],
    "e\u0328": [
        "E\u0328"
    ],
    "\u011b": [
        "\u011a"
    ],
    "e\u030c": [
        "E\u030c"
    ],
    "\u011d": [
        "\u011c"
    ],
    "g\u0302": [
        "G\u0302"
    ],
    "\u011f": [
        "\u011e"
    ],
    "g\u0306": [
        "G\u0306"
    ],
    "\u0121": [
        "\u0120"
    ],
    "g\u0307": [
        "G\u0307"
    ],
    "\u0123": [
        "\u0122"
    ],
    "g\u0327": [
        "G\u0327"
    ],
    "\u0125": [
        "\u0124"
    ],
    "h\u0302": [
        "H\u0302"
    ],
    "\u0127": [
        "\u0126"
    ],
    "\u0129": [
        "\u0128"
    ],
    "i\u0303": [
        "I\u0303"
    ],
    "\u012b": [
        "\u012a"
    ],
    "i\u0304": [
        "I\u0304"
    ],
    "\u012d": [
        "\u012c"
    ],
    "i\u0306": [
        "I\u0306"
    ],
    "\u012f": [
        "\u012e"
    ],
    "i\u0328": [
        "I\u0328"
    ],
    "i\u0307": [
        "I\u0307",
        "\u0130"
    ],
    "\u0133": [
        "\u0132"
    ],
    "\u0135": [
        "\u0134"
    ],
    "j\u0302": [
        "J\u0302"
    ],
    "\u0137": [
        "\u0136"
    ],
    "k\u0327": [
        "K\u0327"
    ],
    "\u013a": [
        "\u0139"
    ],
    "l\u0301": [
        "L\u0301"
    ],
    "\u013c": [
        "\u013b"
    ],
    "l\u0327": [
        "L\u0327"
    ],
    "\u013e": [
        "\u013d"
    ],
    "l\u030c": [
        "L\u030c"
    ],
    "\u0140": [
        "\u013f"
    ],
    "\u0142": [
        "\u0141"
    ],
    "\u0144": [
        "\u0143"
    ],
    "n\u0301": [
        "N\u0301"
    ],
    "\u0146": [
        "\u0145"
    ],
    "n\u0327": [
        "N\u0327"
    ],
    "\u0148": [
        "\u0147"
    ],
    "n\u030c": [
        "N\u030c"
    ],
    "\u02bcn": [
        "\u0149"
    ],
    "\u014b": [
        "\u014a"
    ],
    "\u014d": [
        "\u014c"
    ],
    "o\u0304": [
        "O\u0304"
    ],
    "\u014f": [
        "\u014e"
    ],
    "o\u0306": [
        "O\u0306"
    ],
    "\u0151": [
        "\u0150"
    ],
    "o\u030b": [
        "O\u030b"
    ],
    "\u0153": [
        "\u0152"
    ],
    "\u0155": [
        "\u0154"
    ],
    "r\u0301": [
        "R\u0301"
    ],
    "\u0157": [
        "\u0156"
    ],
    "r\u0327": [
        "R\u0327"
    ],
    "\u0159": [
        "\u0158"
    ],
    "r\u030c": [
        "R\u030c"
    ],
    "\u015b": [
        "\u015a"
    ],
    "s\u0301": [
        "S\u0301"
    ],
    "\u015d": [
        "\u015c"
    ],
    "s\u0302": [
        "S\u0302"
    ],
    "\u015f": [
        "\u015e"
    ],
    "s\u0327": [
        "S\u0327"
    ],
    "\u0161": [
        "\u0160"
    ],
    "s\u030c": [
        "S\u030c"
    ],
    "\u0163": [
        "\u0162"
    ],
    "t\u0327": [
        "T\u0327"
    ],
    "\u0165": [
        "\u0164"
    ],
    "t\u030c": [
        "T\u030c"
    ],
    "\u0167": [
        "\u0166"
    ],
    "\u0169": [
        "\u0168"
    ],
    "u\u0303": [
        "U\u0303"
    ],
    "\u016b": [
        "\u016a"
    ],
    "u\u0304": [
        "U\u0304"
    ],
    "\u016d": [
        "\u016c"
    ],
    "u\u0306": [
        "U\u0306"
    ],
    "\u016f": [
        "\u016e"
    ],
    "u\u030a": [
        "U\u030a"
    ],
    "\u0171": [
        "\u0170"
    ],
    "u\u030b": [
        "U\u030b"
    ],
    "\u0173": [
        "\u0172"
    ],
    "u\u0328": [
        "U\u0328"
    ],
    "\u0175": [
        "\u0174"
    ],
    "w\u0302": [
        "W\u0302"
    ],
    "\u0177": [
        "\u0176"
    ],
    "y\u0302": [
        "Y\u0302"
    ],
    "\u00ff": [
        "\u0178"
    ],
    "y\u0308": [
        "Y\u0308"
    ],
    "\u017a": [
        "\u0179"
    ],
    "z\u0301": [
        "Z\u0301"
    ],
    "\u017c": [
        "\u017b"
    ],
    "z\u0307": [
        "Z\u0307"
    ],
    "\u017e": [
        "\u017d"
    ],
    "z\u030c": [
        "Z\u030c"
    ],
    "\u0253": [
        "\u0181"
    ],
    "\u0183": [
        "\u0182"
    ],
    "\u0185": [
        "\u0184"
    ],
    "\u0254": [
        "\u0186"
    ],
    "\u0188": [
        "\u0187"
    ],
    "\u0256": [
        "\u0189"
    ],
    "\u0257": [
        "\u018a"
    ],
    "\u018c": [
        "\u018b"
    ],
    "\u01dd": [
        "\u018e"
    ],
    "\u0259": [
        "\u018f"
    ],
    "\u025b": [
        "\u0190"
    ],
    "\u0192": [
        "\u0191"
    ],
    "\u0260": [
        "\u0193"
    ],
    "\u0263": [
        "\u0194"
    ],
    "\u0269": [
        "\u0196"
    ],
    "\u0268": [
        "\u0197"
    ],
    "\u0199": [
        "\u0198"
    ],
    "\u026f": [
        "\u019c"
    ],
    "\u0272": [
        "\u019d"
    ],
    "\u0275": [
        "\u019f"
    ],
    "\u01a1": [
        "\u01a0"
    ],
    "o\u031b": [
        "O\u031b"
    ],
    "\u01a3": [
        "\u01a2"
    ],
    "\u01a5": [
        "\u01a4"
    ],
    "\u0280": [
        "\u01a6"
    ],
    "\u01a8": [
        "\u01a7"
    ],
    "\u0283": [
        "\u01a9"
    ],
    "\u01ad": [
        "\u01ac"
    ],
    "\u0288": [
        "\u01ae"
    ],
    "\u01b0": [
        "\u01af"
    ],
    "u\u031b": [
        "U\u031b"
    ],
    "\u028a": [
        "\u01b1"
    ],
    "\u028b": [
        "\u01b2"
    ],
    "\u01b4": [
        "\u01b3"
    ],
    "\u01b6": [
        "\u01b5"
    ],
    "\u0292": [
        "\u01b7"
    ],
    "\u01b9": [
        "\u01b8"
    ],
    "\u01bd": [
        "\u01bc"
    ],
    "\u01c6": [
        "\u01c4",
        "\u01c5"
    ],
    "\u01c9": [
        "\u01c7",
        "\u01c8"
    ],
    "\u01cc": [
        "\u01ca",
        "\u01cb"
    ],
    "\u01ce": [
        "\u01cd"
    ],
    "a\u030c": [
        "A\u030c"
    ],
    "\u01d0": [
        "\u01cf"
    ],
    "i\u030c": [
        "I\u030c"
    ],
    "\u01d2": [
        "\u01d1"
    ],
    "o\u030c": [
        "O\u030c"
    ],
    "\u01d4": [
        "\u01d3"
    ],
    "u\u030c": [
        "U\u030c"
    ],
    "\u01d6": [
        "\u01d5"
    ],
    "u\u0308\u0304": [
        "U\u0308\u0304"
    ],
    "u\u0304\u0308": [
        "U\u0304\u0308"
    ],
    "\u01d8": [
        "\u01d7"
    ],
    "u\u0308\u0301": [
        "U\u0308\u0301"
    ],
    "u\u0301\u0308": [
        "U\u0301\u0308"
    ],
    "\u01da": [
        "\u01d9"
    ],
    "u\u0308\u030c": [
        "U\u0308\u030c"
    ],
    "u\u030c\u0308": [
        "U\u030c\u0308"
    ],
    "\u01dc": [
        "\u01db"
    ],
    "u\u0308\u0300": [
        "U\u0308\u0300"
    ],
    "u\u0300\u0308": [
        "U\u0300\u0308"
    ],
    "\u01df": [
        "\u01de"
    ],
    "a\u0308\u0304": [
        "A\u0308\u0304"
    ],
    "a\u0304\u0308": [
        "A\u0304\u0308"
    ],
    "\u01e1": [
        "\u01e0"
    ],
    "a\u0307\u0304": [
        "A\u0307\u0304"
    ],
    "a\u0304\u0307": [
        "A\u0304\u0307"
    ],
    "\u01e3": [
        "\u01e2"
    ],
    "\u00e6\u0304": [
        "\u00c6\u0304"
    ],
    "\u01e5": [
        "\u01e4"
    ],
    "\u01e7": [
        "\u01e6"
    ],
    "g\u030c": [
        "G\u030c"
    ],
    "\u01e9": [
        "\u01e8"
    ],
    "k\u030c": [
        "K\u030c"
    ],
    "\u01eb": [
        "\u01ea"
    ],
    "o\u0328": [
        "O\u0328"
    ],
    "\u01ed": [
        "\u01ec"
    ],
    "o\u0328\u0304": [
        "O\u0328\u0304"
    ],
    "o\u0304\u0328": [
        "O\u0304\u0328"
    ],
    "\u01ef": [
        "\u01ee"
    ],
    "\u0292\u030c": [
        "\u01b7\u030c"
    ],
    "j\u030c": [
        "\u01f0"
    ],
    "\u01f3": [
        "\u01f1",
        "\u01f2"
    ],
    "\u01f5": [
        "\u01f4"
    ],
    "g\u0301": [
        "G\u0301"
    ],
    "\u0195": [
        "\u01f6"
    ],
    "\u01bf": [
        "\u01f7"
    ],
    "\u01f9": [
        "\u01f8"
    ],
    "n\u0300": [
        "N\u0300"
    ],
    "\u01fb": [
        "\u01fa"
    ],
    "a\u030a\u0301": [
        "A\u030a\u0301"
    ],
    "a\u0301\u030a": [
        "A\u0301\u030a"
    ],
    "\u01fd": [
        "\u01fc"
    ],
    "\u00e6\u0301": [
        "\u00c6\u0301"
    ],
    "\u01ff": [
        "\u01fe"
    ],
    "\u00f8\u0301": [
        "\u00d8\u0301"
    ],
    "\u0201": [
        "\u0200"
    ],
    "a\u030f": [
        "A\u030f"
    ],
    "\u0203": [
        "\u0202"
    ],
    "a\u0311": [
        "A\u0311"
    ],
    "\u0205": [
        "\u0204"
    ],
    "e\u030f": [
        "E\u030f"
    ],
    "\u0207": [
        "\u0206"
    ],
    "e\u0311": [
        "E\u0311"
    ],
    "\u0209": [
        "\u0208"
    ],
    "i\u030f": [
        "I\u030f"
    ],
    "\u020b": [
        "\u020a"
    ],
    "i\u0311": [
        "I\u0311"
    ],
    "\u020d": [
        "\u020c"
    ],
    "o\u030f": [
        "O\u030f"
    ],
    "\u020f": [
        "\u020e"
    ],
    "o\u0311": [
        "O\u0311"
    ],
    "\u0211": [
        "\u0210"
    ],
    "r\u030f": [
        "R\u030f"
    ],
    "\u0213": [
        "\u0212"
    ],
    "r\u0311": [
        "R\u0311"
    ],
    "\u0215": [
        "\u0214"
    ],
    "u\u030f": [
        "U\u030f"
    ],
    "\u0217": [
        "\u0216"
    ],
    "u\u0311": [
        "U\u0311"
    ],
    "\u0219": [
        "\u0218"
    ],
    "s\u0326": [
        "S\u0326"
    ],
    "\u021b": [
        "\u021a"
    ],
    "t\u0326": [
        "T\u0326"
    ],
    "\u021d": [
        "\u021c"
    ],
    "\u021f": [
        "\u021e"
    ],
    "h\u030c": [
        "H\u030c"
    ],
    "\u019e": [
        "\u0220"
    ],
    "\u0223": [
        "\u0222"
    ],
    "\u0225": [
        "\u0224"
    ],
    "\u0227": [
        "\u0226"
    ],
    "a\u0307": [
        "A\u0307"
    ],
    "\u0229": [
        "\u0228"
    ],
    "e\u0327": [
        "E\u0327"
    ],
    "\u022b": [
        "\u022a"
    ],
    "o\u0308\u0304": [
        "O\u0308\u0304"
    ],
    "o\u0304\u0308": [
        "O\u0304\u0308"
    ],
    "\u022d": [
        "\u022c"
    ],
    "o\u0303\u0304": [
        "O\u0303\u0304"
    ],
    "o\u0304\u0303": [
        "O\u0304\u0303"
    ],
    "\u022f": [
        "\u022e"
    ],
    "o\u0307": [
        "O\u0307"
    ],
    "\u0231": [
        "\u0230"
    ],
    "o\u0307\u0304": [
        "O\u0307\u0304"
    ],
    "o\u0304\u0307": [
        "O\u0304\u0307"
    ],
    "\u0233": [
        "\u0232"
    ],
    "y\u0304": [
        "Y\u0304"
    ],
    "\u2c65": [
        "\u023a"
    ],
    "\u023c": [
        "\u023b"
    ],
    "\u019a": [
        "\u023d"
    ],
    "\u2c66": [
        "\u023e"
    ],
    "\u0242": [
        "\u0241"
    ],
    "\u0180": [
        "\u0243"
    ],
    "\u0289": [
        "\u0244"
    ],
    "\u028c": [
        "\u0245"
    ],
    "\u0247": [
        "\u0246"
    ],
    "\u0249": [
        "\u0248"
    ],
    "\u024b": [
        "\u024a"
    ],
    "\u024d": [
        "\u024c"
    ],
    "\u024f": [
        "\u024e"
    ],
    "\u03b9": [
        "\u0345",
        "\u0399",
        "\u1fbe"
    ],
    "\u0371": [
        "\u0370"
    ],
    "\u0373": [
        "\u0372"
    ],
    "\u0377": [
        "\u0376"
    ],
    "\u03f3": [
        "\u037f"
    ],
    "\u03ac": [
        "\u0386"
    ],
    "\u03b1\u0301": [
        "\u0391\u0301"
    ],
    "\u03ad": [
        "\u0388"
    ],
    "\u03b5\u0301": [
        "\u0395\u0301"
    ],
    "\u03ae": [
        "\u0389"
    ],
    "\u03b7\u0301": [
        "\u0397\u0301"
    ],
    "\u03af": [
        "\u038a"
    ],
    "\u03b9\u0301": [
        "\u0399\u0301"
    ],
    "\u03cc": [
        "\u038c"
    ],
    "\u03bf\u0301": [
        "\u039f\u0301"
    ],
    "\u03cd": [
        "\u038e"
    ],
    "\u03c5\u0301": [
        "\u03a5\u0301"
    ],
    "\u03ce": [
        "\u038f"
    ],
    "\u03c9\u0301": [
        "\u03a9\u0301"
    ],
    "\u03b9\u0308\u0301": [
        "\u0390",
        "\u1fd3"
    ],
    "\u03b1": [
        "\u0391"
    ],
    "\u03b2": [
        "\u0392",
        "\u03d0"
    ],
    "\u03b3": [
        "\u0393"
    ],
    "\u03b4": [
        "\u0394"
    ],
    "\u03b5": [
        "\u0395",
        "\u03f5"
    ],
    "\u03b6": [
        "\u0396"
    ],
    "\u03b7": [
        "\u0397"
    ],
    "\u03b8": [
        "\u0398",
        "\u03d1",
        "\u03f4"
    ],
    "\u03ba": [
        "\u039a",
        "\u03f0"
    ],
    "\u03bb": [
        "\u039b"
    ],
    "\u03bd": [
        "\u039d"
    ],
    "\u03be": [
        "\u039e"
    ],
    "\u03bf": [
        "\u039f"
    ],
    "\u03c0": [
        "\u03a0",
        "\u03d6"
    ],
    "\u03c1": [
        "\u03a1",
        "\u03f1"
    ],
    "\u03c3": [
        "\u03a3",
        "\u03c2"
    ],
    "\u03c4": [
        "\u03a4"
    ],
    "\u03c5": [
        "\u03a5"
    ],
    "\u03c6": [
        "\u03a6",
        "\u03d5"
    ],
    "\u03c7": [
        "\u03a7"
    ],
    "\u03c8": [
        "\u03a8"
    ],
    "\u03c9": [
        "\u03a9",
        "\u2126"
    ],
    "\u03ca": [
        "\u03aa"
    ],
    "\u03b9\u0308": [
        "\u0399\u0308"
    ],
    "\u03cb": [
        "\u03ab"
    ],
    "\u03c5\u0308": [
        "\u03a5\u0308"
    ],
    "\u03c5\u0308\u0301": [
        "\u03b0",
        "\u1fe3"
    ],
    "\u03d7": [
        "\u03cf"
    ],
    "\u03d9": [
        "\u03d8"
    ],
    "\u03db": [
        "\u03da"
    ],
    "\u03dd": [
        "\u03dc"
    ],
    "\u03df": [
        "\u03de"
    ],
    "\u03e1": [
        "\u03e0"
    ],
    "\u03e3": [
        "\u03e2"
    ],
    "\u03e5": [
        "\u03e4"
    ],
    "\u03e7": [
        "\u03e6"
    ],
    "\u03e9": [
        "\u03e8"
    ],
    "\u03eb": [
        "\u03ea"
    ],
    "\u03ed": [
        "\u03ec"
    ],
    "\u03ef": [
        "\u03ee"
    ],
    "\u03f8": [
        "\u03f7"
    ],
    "\u03f2": [
        "\u03f9"
    ],
    "\u03fb": [
        "\u03fa"
    ],
    "\u037b": [
        "\u03fd"
    ],
    "\u037c": [
        "\u03fe"
    ],
    "\u037d": [
        "\u03ff"
    ],
    "\u0450": [
        "\u0400"
    ],
    "\u0435\u0300": [
        "\u0415\u0300"
    ],
    "\u0451": [
        "\u0401"
    ],
    "\u0435\u0308": [
        "\u0415\u0308"
    ],
    "\u0452": [
        "\u0402"
    ],
    "\u0453": [
        "\u0403"
    ],
    "\u0433\u0301": [
        "\u0413\u0301"
    ],
    "\u0454": [
        "\u0404"
    ],
    "\u0455": [
        "\u0405"
    ],
    "\u0456": [
        "\u0406"
    ],
    "\u0457": [
        "\u0407"
    ],
    "\u0456\u0308": [
        "\u0406\u0308"
    ],
    "\u0458": [
        "\u0408"
    ],
    "\u0459": [
        "\u0409"
    ],
    "\u045a": [
        "\u040a"
    ],
    "\u045b": [
        "\u040b"
    ],
    "\u045c": [
        "\u040c"
    ],
    "\u043a\u0301": [
        "\u041a\u0301"
    ],
    "\u045d": [
        "\u040d"
    ],
    "\u0438\u0300": [
        "\u0418\u0300"
    ],
    "\u045e": [
        "\u040e"
    ],
    "\u0443\u0306": [
        "\u0423\u0306"
    ],
    "\u045f": [
        "\u040f"
    ],
    "\u0430": [
        "\u0410"
    ],
    "\u0431": [
        "\u0411"
    ],
    "\u0432": [
        "\u0412",
        "\u1c80"
    ],
    "\u0433": [
        "\u0413"
    ],
    "\u0434": [
        "\u0414",
        "\u1c81"
    ],
    "\u0435": [
        "\u0415"
    ],
    "\u0436": [
        "\u0416"
    ],
    "\u0437": [
        "\u0417"
    ],
    "\u0438": [
        "\u0418"
    ],
    "\u0439": [
        "\u0419"
    ],
    "\u0438\u0306": [
        "\u0418\u0306"
    ],
    "\u043a": [
        "\u041a"
    ],
    "\u043b": [
        "\u041b"
    ],
    "\u043c": [
        "\u041c"
    ],
    "\u043d": [
        "\u041d"
    ],
    "\u043e": [
        "\u041e",
        "\u1c82"
    ],
    "\u043f": [
        "\u041f"
    ],
    "\u0440": [
        "\u0420"
    ],
    "\u0441": [
        "\u0421",
        "\u1c83"
    ],
    "\u0442": [
        "\u0422",
        "\u1c84",
        "\u1c85"
    ],
    "\u0443": [
        "\u0423"
    ],
    "\u0444": [
        "\u0424"
    ],
    "\u0445": [
        "\u0425"
    ],
    "\u0446": [
        "\u0426"
    ],
    "\u0447": [
        "\u0427"
    ],
    "\u0448": [
        "\u0428"
    ],
    "\u0449": [
        "\u0429"
    ],
    "\u044a": [
        "\u042a",
        "\u1c86"
    ],
    "\u044b": [
        "\u042b"
    ],
    "\u044c": [
        "\u042c"
    ],
    "\u044d": [
        "\u042d"
    ],
    "\u044e": [
        "\u042e"
    ],
    "\u044f": [
        "\u042f"
    ],
    "\u0461": [
        "\u0460"
    ],
    "\u0463": [
        "\u0462",
        "\u1c87"
    ],
    "\u0465": [
        "\u0464"
    ],
    "\u0467": [
        "\u0466"
    ],
    "\u0469": [
        "\u0468"
    ],
    "\u046b": [
        "\u046a"
    ],
    "\u046d": [
        "\u046c"
    ],
    "\u046f": [
        "\u046e"
    ],
    "\u0471": [
        "\u0470"
    ],
    "\u0473": [
        "\u0472"
    ],
    "\u0475": [
        "\u0474"
    ],
    "\u0477": [
        "\u0476"
    ],
    "\u0475\u030f": [
        "\u0474\u030f"
    ],
    "\u0479": [
        "\u0478"
    ],
    "\u047b": [
        "\u047a"
    ],
    "\u047d": [
        "\u047c"
    ],
    "\u047f": [
        "\u047e"
    ],
    "\u0481": [
        "\u0480"
    ],
    "\u048b": [
        "\u048a"
    ],
    "\u048d": [
        "\u048c"
    ],
    "\u048f": [
        "\u048e"
    ],
    "\u0491": [
        "\u0490"
    ],
    "\u0493": [
        "\u0492"
    ],
    "\u0495": [
        "\u0494"
    ],
    "\u0497": [
        "\u0496"
    ],
    "\u0499": [
        "\u0498"
    ],
    "\u049b": [
        "\u049a"
    ],
    "\u049d": [
        "\u049c"
    ],
    "\u049f": [
        "\u049e"
    ],
    "\u04a1": [
        "\u04a0"
    ],
    "\u04a3": [
        "\u04a2"
    ],
    "\u04a5": [
        "\u04a4"
    ],
    "\u04a7": [
        "\u04a6"
    ],
    "\u04a9": [
        "\u04a8"
    ],
    "\u04ab": [
        "\u04aa"
    ],
    "\u04ad": [
        "\u04ac"
    ],
    "\u04af": [
        "\u04ae"
    ],
    "\u04b1": [
        "\u04b0"
    ],
    "\u04b3": [
        "\u04b2"
    ],
    "\u04b5": [
        "\u04b4"
    ],
    "\u04b7": [
        "\u04b6"
    ],
    "\u04b9": [
        "\u04b8"
    ],
    "\u04bb": [
        "\u04ba"
    ],
    "\u04bd": [
        "\u04bc"
    ],
    "\u04bf": [
        "\u04be"
    ],
    "\u04cf": [
        "\u04c0"
    ],
    "\u04c2": [
        "\u04c1"
    ],
    "\u0436\u0306": [
        "\u0416\u0306"
    ],
    "\u04c4": [
        "\u04c3"
    ],
    "\u04c6": [
        "\u04c5"
    ],
    "\u04c8": [
        "\u04c7"
    ],
    "\u04ca": [
        "\u04c9"
    ],
    "\u04cc": [
        "\u04cb"
    ],
    "\u04ce": [
        "\u04cd"
    ],
    "\u04d1": [
        "\u04d0"
    ],
    "\u0430\u0306": [
        "\u0410\u0306"
    ],
    "\u04d3": [
        "\u04d2"
    ],
    "\u0430\u0308": [
        "\u0410\u0308"
    ],
    "\u04d5": [
        "\u04d4"
    ],
    "\u04d7": [
        "\u04d6"
    ],
    "\u0435\u0306": [
        "\u0415\u0306"
    ],
    "\u04d9": [
        "\u04d8"
    ],
    "\u04db": [
        "\u04da"
    ],
    "\u04d9\u0308": [
        "\u04d8\u0308"
    ],
    "\u04dd": [
        "\u04dc"
    ],
    "\u0436\u0308": [
        "\u0416\u0308"
    ],
    "\u04df": [
        "\u04de"
    ],
    "\u0437\u0308": [
        "\u0417\u0308"
    ],
    "\u04e1": [
        "\u04e0"
    ],
    "\u04e3": [
        "\u04e2"
    ],
    "\u0438\u0304": [
        "\u0418\u0304"
    ],
    "\u04e5": [
        "\u04e4"
    ],
    "\u0438\u0308": [
        "\u0418\u0308"
    ],
    "\u04e7": [
        "\u04e6"
    ],
    "\u043e\u0308": [
        "\u041e\u0308"
    ],
    "\u04e9": [
        "\u04e8"
    ],
    "\u04eb": [
        "\u04ea"
    ],
    "\u04e9\u0308": [
        "\u04e8\u0308"
    ],
    "\u04ed": [
        "\u04ec"
    ],
    "\u044d\u0308": [
        "\u042d\u0308"
    ],
    "\u04ef": [
        "\u04ee"
    ],
    "\u0443\u0304": [
        "\u0423\u0304"
    ],
    "\u04f1": [
        "\u04f0"
    ],
    "\u0443\u0308": [
        "\u0423\u0308"
    ],
    "\u04f3": [
        "\u04f2"
    ],
    "\u0443\u030b": [
        "\u0423\u030b"
    ],
    "\u04f5": [
        "\u04f4"
    ],
    "\u0447\u0308": [
        "\u0427\u0308"
    ],
    "\u04f7": [
        "\u04f6"
    ],
    "\u04f9": [
        "\u04f8"
    ],
    "\u044b\u0308": [
        "\u042b\u0308"
    ],
    "\u04fb": [
        "\u04fa"
    ],
    "\u04fd": [
        "\u04fc"
    ],
    "\u04ff": [
        "\u04fe"
    ],
    "\u0501": [
        "\u0500"
    ],
    "\u0503": [
        "\u0502"
    ],
    "\u0505": [
        "\u0504"
    ],
    "\u0507": [
        "\u0506"
    ],
    "\u0509": [
        "\u0508"
    ],
    "\u050b": [
        "\u050a"
    ],
    "\u050d": [
        "\u050c"
    ],
    "\u050f": [
        "\u050e"
    ],
    "\u0511": [
        "\u0510"
    ],
    "\u0513": [
        "\u0512"
    ],
    "\u0515": [
        "\u0514"
    ],
    "\u0517": [
        "\u0516"
    ],
    "\u0519": [
        "\u0518"
    ],
    "\u051b": [
        "\u051a"
    ],
    "\u051d": [
        "\u051c"
    ],
    "\u051f": [
        "\u051e"
    ],
    "\u0521": [
        "\u0520"
    ],
    "\u0523": [
        "\u0522"
    ],
    "\u0525": [
        "\u0524"
    ],
    "\u0527": [
        "\u0526"
    ],
    "\u0529": [
        "\u0528"
    ],
    "\u052b": [
        "\u052a"
    ],
    "\u052d": [
        "\u052c"
    ],
    "\u052f": [
        "\u052e"
    ],
    "\u0561": [
        "\u0531"
    ],
    "\u0562": [
        "\u0532"
    ],
    "\u0563": [
        "\u0533"
    ],
    "\u0564": [
        "\u0534"
    ],
    "\u0565": [
        "\u0535"
    ],
    "\u0566": [
        "\u0536"
    ],
    "\u0567": [
        "\u0537"
    ],
    "\u0568": [
        "\u0538"
    ],
    "\u0569": [
        "\u0539"
    ],
    "\u056a": [
        "\u053a"
    ],
    "\u056b": [
        "\u053b"
    ],
    "\u056c": [
        "\u053c"
    ],
    "\u056d": [
        "\u053d"
    ],
    "\u056e": [
        "\u053e"
    ],
    "\u056f": [
        "\u053f"
    ],
    "\u0570": [
        "\u0540"
    ],
    "\u0571": [
        "\u0541"
    ],
    "\u0572": [
        "\u0542"
    ],
    "\u0573": [
        "\u0543"
    ],
    "\u0574": [
        "\u0544"
    ],
    "\u0575": [
        "\u0545"
    ],
    "\u0576": [
        "\u0546"
    ],
    "\u0577": [
        "\u0547"
    ],
    "\u0578": [
        "\u0548"
    ],
    "\u0579": [
        "\u0549"
    ],
    "\u057a": [
        "\u054a"
    ],
    "\u057b": [
        "\u054b"
    ],
    "\u057c": [
        "\u054c"
    ],
    "\u057d": [
        "\u054d"
    ],
    "\u057e": [
        "\u054e"
    ],
    "\u057f": [
        "\u054f"
    ],
    "\u0580": [
        "\u0550"
    ],
    "\u0581": [
        "\u0551"
    ],
    "\u0582": [
        "\u0552"
    ],
    "\u0583": [
        "\u0553"
    ],
    "\u0584": [
        "\u0554"
    ],
    "\u0585": [
        "\u0555"
    ],
    "\u0586": [
        "\u0556"
    ],
    "\u0565\u0582": [
        "\u0587"
    ],
    "\u2d00": [
        "\u10a0"
    ],
    "\u2d01": [
        "\u10a1"
    ],
    "\u2d02": [
        "\u10a2"
    ],
    "\u2d03": [
        "\u10a3"
    ],
    "\u2d04": [
        "\u10a4"
    ],
    "\u2d05": [
        "\u10a5"
    ],
    "\u2d06": [
        "\u10a6"
    ],
    "\u2d07": [
        "\u10a7"
    ],
    "\u2d08": [
        "\u10a8"
    ],
    "\u2d09": [
        "\u10a9"
    ],
    "\u2d0a": [
        "\u10aa"
    ],
    "\u2d0b": [
        "\u10ab"
    ],
    "\u2d0c": [
        "\u10ac"
    ],
    "\u2d0d": [
        "\u10ad"
    ],
    "\u2d0e": [
        "\u10ae"
    ],
    "\u2d0f": [
        "\u10af"
    ],
    "\u2d10": [
        "\u10b0"
    ],
    "\u2d11": [
        "\u10b1"
    ],
    "\u2d12": [
        "\u10b2"
    ],
    "\u2d13": [
        "\u10b3"
    ],
    "\u2d14": [
        "\u10b4"
    ],
    "\u2d15": [
        "\u10b5"
    ],
    "\u2d16": [
        "\u10b6"
    ],
    "\u2d17": [
        "\u10b7"
    ],
    "\u2d18": [
        "\u10b8"
    ],
    "\u2d19": [
        "\u10b9"
    ],
    "\u2d1a": [
        "\u10ba"
    ],
    "\u2d1b": [
        "\u10bb"
    ],
    "\u2d1c": [
        "\u10bc"
    ],
    "\u2d1d": [
        "\u10bd"
    ],
    "\u2d1e": [
        "\u10be"
    ],
    "\u2d1f": [
        "\u10bf"
    ],
    "\u2d20": [
        "\u10c0"
    ],
    "\u2d21": [
        "\u10c1"
    ],
    "\u2d22": [
        "\u10c2"
    ],
    "\u2d23": [
        "\u10c3"
    ],
    "\u2d24": [
        "\u10c4"
    ],
    "\u2d25": [
        "\u10c5"
    ],
    "\u2d27": [
        "\u10c7"
    ],
    "\u2d2d": [
        "\u10cd"
    ],
    "\u13f0": [
        "\u13f8"
    ],
    "\u13f1": [
        "\u13f9"
    ],
    "\u13f2": [
        "\u13fa"
    ],
    "\u13f3": [
        "\u13fb"
    ],
    "\u13f4": [
        "\u13fc"
    ],
    "\u13f5": [
        "\u13fd"
    ],
    "\ua64b": [
        "\u1c88",
        "\ua64a"
    ],
    "\u10d0": [
        "\u1c90"
    ],
    "\u10d1": [
        "\u1c91"
    ],
    "\u10d2": [
        "\u1c92"
    ],
    "\u10d3": [
        "\u1c93"
    ],
    "\u10d4": [
        "\u1c94"
    ],
    "\u10d5": [
        "\u1c95"
    ],
    "\u10d6": [
        "\u1c96"
    ],
    "\u10d7": [
        "\u1c97"
    ],
    "\u10d8": [
        "\u1c98"
    ],
    "\u10d9": [
        "\u1c99"
    ],
    "\u10da": [
        "\u1c9a"
    ],
    "\u10db": [
        "\u1c9b"
    ],
    "\u10dc": [
        "\u1c9c"
    ],
    "\u10dd": [
        "\u1c9d"
    ],
    "\u10de": [
        "\u1c9e"
    ],
    "\u10df": [
        "\u1c9f"
    ],
    "\u10e0": [
        "\u1ca0"
    ],
    "\u10e1": [
        "\u1ca1"
    ],
    "\u10e2": [
        "\u1ca2"
    ],
    "\u10e3": [
        "\u1ca3"
    ],
    "\u10e4": [
        "\u1ca4"
    ],
    "\u10e5": [
        "\u1ca5"
    ],
    "\u10e6": [
        "\u1ca6"
    ],
    "\u10e7": [
        "\u1ca7"
    ],
    "\u10e8": [
        "\u1ca8"
    ],
    "\u10e9": [
        "\u1ca9"
    ],
    "\u10ea": [
        "\u1caa"
    ],
    "\u10eb": [
        "\u1cab"
    ],
    "\u10ec": [
        "\u1cac"
    ],
    "\u10ed": [
        "\u1cad"
    ],
    "\u10ee": [
        "\u1cae"
    ],
    "\u10ef": [
        "\u1caf"
    ],
    "\u10f0": [
        "\u1cb0"
    ],
    "\u10f1": [
        "\u1cb1"
    ],
    "\u10f2": [
        "\u1cb2"
    ],
    "\u10f3": [
        "\u1cb3"
    ],
    "\u10f4": [
        "\u1cb4"
    ],
    "\u10f5": [
        "\u1cb5"
    ],
    "\u10f6": [
        "\u1cb6"
    ],
    "\u10f7": [
        "\u1cb7"
    ],
    "\u10f8": [
        "\u1cb8"
    ],
    "\u10f9": [
        "\u1cb9"
    ],
    "\u10fa": [
        "\u1cba"
    ],
    "\u10fd": [
        "\u1cbd"
    ],
    "\u10fe": [
        "\u1cbe"
    ],
    "\u10ff": [
        "\u1cbf"
    ],
    "\u1e01": [
        "\u1e00"
    ],
    "a\u0325": [
        "A\u0325"
    ],
    "\u1e03": [
        "\u1e02"
    ],
    "b\u0307": [
        "B\u0307"
    ],
    "\u1e05": [
        "\u1e04"
    ],
    "b\u0323": [
        "B\u0323"
    ],
    "\u1e07": [
        "\u1e06"
    ],
    "b\u0331": [
        "B\u0331"
    ],
    "\u1e09": [
        "\u1e08"
    ],
    "c\u0327\u0301": [
        "C\u0327\u0301"
    ],
    "c\u0301\u0327": [
        "C\u0301\u0327"
    ],
    "\u1e0b": [
        "\u1e0a"
    ],
    "d\u0307": [
        "D\u0307"
    ],
    "\u1e0d": [
        "\u1e0c"
    ],
    "d\u0323": [
        "D\u0323"
    ],
    "\u1e0f": [
        "\u1e0e"
    ],
    "d\u0331": [
        "D\u0331"
    ],
    "\u1e11": [
        "\u1e10"
    ],
    "d\u0327": [
        "D\u0327"
    ],
    "\u1e13": [
        "\u1e12"
    ],
    "d\u032d": [
        "D\u032d"
    ],
    "\u1e15": [
        "\u1e14"
    ],
    "e\u0304\u0300": [
        "E\u0304\u0300"
    ],
    "e\u0300\u0304": [
        "E\u0300\u0304"
    ],
    "\u1e17": [
        "\u1e16"
    ],
    "e\u0304\u0301": [
        "E\u0304\u0301"
    ],
    "e\u0301\u0304": [
        "E\u0301\u0304"
    ],
    "\u1e19": [
        "\u1e18"
    ],
    "e\u032d": [
        "E\u032d"
    ],
    "\u1e1b": [
        "\u1e1a"
    ],
    "e\u0330": [
        "E\u0330"
    ],
    "\u1e1d": [
        "\u1e1c"
    ],
    "e\u0327\u0306": [
        "E\u0327\u0306"
    ],
    "e\u0306\u0327": [
        "E\u0306\u0327"
    ],
    "\u1e1f": [
        "\u1e1e"
    ],
    "f\u0307": [
        "F\u0307"
    ],
    "\u1e21": [
        "\u1e20"
    ],
    "g\u0304": [
        "G\u0304"
    ],
    "\u1e23": [
        "\u1e22"
    ],
    "h\u0307": [
        "H\u0307"
    ],
    "\u1e25": [
        "\u1e24"
    ],
    "h\u0323": [
        "H\u0323"
    ],
    "\u1e27": [
        "\u1e26"
    ],
    "h\u0308": [
        "H\u0308"
    ],
    "\u1e29": [
        "\u1e28"
    ],
    "h\u0327": [
        "H\u0327"
    ],
    "\u1e2b": [
        "\u1e2a"
    ],
    "h\u032e": [
        "H\u032e"
    ],
    "\u1e2d": [
        "\u1e2c"
    ],
    "i\u0330": [
        "I\u0330"
    ],
    "\u1e2f": [
        "\u1e2e"
    ],
    "i\u0308\u0301": [
        "I\u0308\u0301"
    ],
    "i\u0301\u0308": [
        "I\u0301\u0308"
    ],
    "\u1e31": [
        "\u1e30"
    ],
    "k\u0301": [
        "K\u0301"
    ],
    "\u1e33": [
        "\u1e32"
    ],
    "k\u0323": [
        "K\u0323"
    ],
    "\u1e35": [
        "\u1e34"
    ],
    "k\u0331": [
        "K\u0331"
    ],
    "\u1e37": [
        "\u1e36"
    ],
    "l\u0323": [
        "L\u0323"
    ],
    "\u1e39": [
        "\u1e38"
    ],
    "l\u0323\u0304": [
        "L\u0323\u0304"
    ],
    "l\u0304\u0323": [
        "L\u0304\u0323"
    ],
    "\u1e3b": [
        "\u1e3a"
    ],
    "l\u0331": [
        "L\u0331"
    ],
    "\u1e3d": [
        "\u1e3c"
    ],
    "l\u032d": [
        "L\u032d"
    ],
    "\u1e3f": [
        "\u1e3e"
    ],
    "m\u0301": [
        "M\u0301"
    ],
    "\u1e41": [
        "\u1e40"
    ],
    "m\u0307": [
        "M\u0307"
    ],
    "\u1e43": [
        "\u1e42"
    ],
    "m\u0323": [
        "M\u0323"
    ],
    "\u1e45": [
        "\u1e44"
    ],
    "n\u0307": [
        "N\u0307"
    ],
    "\u1e47": [
        "\u1e46"
    ],
    "n\u0323": [
        "N\u0323"
    ],
    "\u1e49": [
        "\u1e48"
    ],
    "n\u0331": [
        "N\u0331"
    ],
    "\u1e4b": [
        "\u1e4a"
    ],
    "n\u032d": [
        "N\u032d"
    ],
    "\u1e4d": [
        "\u1e4c"
    ],
    "o\u0303\u0301": [
        "O\u0303\u0301"
    ],
    "o\u0301\u0303": [
        "O\u0301\u0303"
    ],
    "\u1e4f": [
        "\u1e4e"
    ],
    "o\u0303\u0308": [
        "O\u0303\u0308"
    ],
    "o\u0308\u0303": [
        "O\u0308\u0303"
    ],
    "\u1e51": [
        "\u1e50"
    ],
    "o\u0304\u0300": [
        "O\u0304\u0300"
    ],
    "o\u0300\u0304": [
        "O\u0300\u0304"
    ],
    "\u1e53": [
        "\u1e52"
    ],
    "o\u0304\u0301": [
        "O\u0304\u0301"
    ],
    "o\u0301\u0304": [
        "O\u0301\u0304"
    ],
    "\u1e55": [
        "\u1e54"
    ],
    "p\u0301": [
        "P\u0301"
    ],
    "\u1e57": [
        "\u1e56"
    ],
    "p\u0307": [
        "P\u0307"
    ],
    "\u1e59": [
        "\u1e58"
    ],
    "r\u0307": [
        "R\u0307"
    ],
    "\u1e5b": [
        "\u1e5a"
    ],
    "r\u0323": [
        "R\u0323"
    ],
    "\u1e5d": [
        "\u1e5c"
    ],
    "r\u0323\u0304": [
        "R\u0323\u0304"
    ],
    "r\u0304\u0323": [
        "R\u0304\u0323"
    ],
    "\u1e5f": [
        "\u1e5e"
    ],
    "r\u0331": [
        "R\u0331"
    ],
    "\u1e61": [
        "\u1e60",
        "\u1e9b"
    ],
    "s\u0307": [
        "S\u0307",
        "\u017f\u0307"
    ],
    "\u1e63": [
        "\u1e62"
    ],
    "s\u0323": [
        "S\u0323"
    ],
    "\u1e65": [
        "\u1e64"
    ],
    "s\u0301\u0307": [
        "S\u0301\u0307"
    ],
    "s\u0307\u0301": [
        "S\u0307\u0301"
    ],
    "\u1e67": [
        "\u1e66"
    ],
    "s\u030c\u0307": [
        "S\u030c\u0307"
    ],
    "s\u0307\u030c": [
        "S\u0307\u030c"
    ],
    "\u1e69": [
        "\u1e68"
    ],
    "s\u0323\u0307": [
        "S\u0323\u0307"
    ],
    "s\u0307\u0323": [
        "S\u0307\u0323"
    ],
    "\u1e6b": [
        "\u1e6a"
    ],
    "t\u0307": [
        "T\u0307"
    ],
    "\u1e6d": [
        "\u1e6c"
    ],
    "t\u0323": [
        "T\u0323"
    ],
    "\u1e6f": [
        "\u1e6e"
    ],
    "t\u0331": [
        "T\u0331"
    ],
    "\u1e71": [
        "\u1e70"
    ],
    "t\u032d": [
        "T\u032d"
    ],
    "\u1e73": [
        "\u1e72"
    ],
    "u\u0324": [
        "U\u0324"
    ],
    "\u1e75": [
        "\u1e74"
    ],
    "u\u0330": [
        "U\u0330"
    ],
    "\u1e77": [
        "\u1e76"
    ],
    "u\u032d": [
        "U\u032d"
    ],
    "\u1e79": [
        "\u1e78"
    ],
    "u\u0303\u0301": [
        "U\u0303\u0301"
    ],
    "u\u0301\u0303": [
        "U\u0301\u0303"
    ],
    "\u1e7b": [
        "\u1e7a"
    ],
    "\u1e7d": [
        "\u1e7c"
    ],
    "v\u0303": [
        "V\u0303"
    ],
    "\u1e7f": [
        "\u1e7e"
    ],
    "v\u0323": [
        "V\u0323"
    ],
    "\u1e81": [
        "\u1e80"
    ],
    "w\u0300": [
        "W\u0300"
    ],
    "\u1e83": [
        "\u1e82"
    ],
    "w\u0301": [
        "W\u0301"
    ],
    "\u1e85": [
        "\u1e84"
    ],
    "w\u0308": [
        "W\u0308"
    ],
    "\u1e87": [
        "\u1e86"
    ],
    "w\u0307": [
        "W\u0307"
    ],
    "\u1e89": [
        "\u1e88"
    ],
    "w\u0323": [
        "W\u0323"
    ],
    "\u1e8b": [
        "\u1e8a"
    ],
    "x\u0307": [
        "X\u0307"
    ],
    "\u1e8d": [
        "\u1e8c"
    ],
    "x\u0308": [
        "X\u0308"
    ],
    "\u1e8f": [
        "\u1e8e"
    ],
    "y\u0307": [
        "Y\u0307"
    ],
    "\u1e91": [
        "\u1e90"
    ],
    "z\u0302": [
        "Z\u0302"
    ],
    "\u1e93": [
        "\u1e92"
    ],
    "z\u0323": [
        "Z\u0323"
    ],
    "\u1e95": [
        "\u1e94"
    ],
    "z\u0331": [
        "Z\u0331"
    ],
    "h\u0331": [
        "\u1e96"
    ],
    "t\u0308": [
        "\u1e97"
    ],
    "w\u030a": [
        "\u1e98"
    ],
    "y\u030a": [
        "\u1e99"
    ],
    "a\u02be": [
        "\u1e9a"
    ],
    "\u1ea1": [
        "\u1ea0"
    ],
    "a\u0323": [
        "A\u0323"
    ],
    "\u1ea3": [
        "\u1ea2"
    ],
    "a\u0309": [
        "A\u0309"
    ],
    "\u1ea5": [
        "\u1ea4"
    ],
    "a\u0302\u0301": [
        "A\u0302\u0301"
    ],
    "a\u0301\u0302": [
        "A\u0301\u0302"
    ],
    "\u1ea7": [
        "\u1ea6"
    ],
    "a\u0302\u0300": [
        "A\u0302\u0300"
    ],
    "a\u0300\u0302": [
        "A\u0300\u0302"
    ],
    "\u1ea9": [
        "\u1ea8"
    ],
    "a\u0302\u0309": [
        "A\u0302\u0309"
    ],
    "a\u0309\u0302": [
        "A\u0309\u0302"
    ],
    "\u1eab": [
        "\u1eaa"
    ],
    "a\u0302\u0303": [
        "A\u0302\u0303"
    ],
    "a\u0303\u0302": [
        "A\u0303\u0302"
    ],
    "\u1ead": [
        "\u1eac"
    ],
    "a\u0323\u0302": [
        "A\u0323\u0302"
    ],
    "a\u0302\u0323": [
        "A\u0302\u0323"
    ],
    "\u1eaf": [
        "\u1eae"
    ],
    "a\u0306\u0301": [
        "A\u0306\u0301"
    ],
    "a\u0301\u0306": [
        "A\u0301\u0306"
    ],
    "\u1eb1": [
        "\u1eb0"
    ],
    "a\u0306\u0300": [
        "A\u0306\u0300"
    ],
    "a\u0300\u0306": [
        "A\u0300\u0306"
    ],
    "\u1eb3": [
        "\u1eb2"
    ],
    "a\u0306\u0309": [
        "A\u0306\u0309"
    ],
    "a\u0309\u0306": [
        "A\u0309\u0306"
    ],
    "\u1eb5": [
        "\u1eb4"
    ],
    "a\u0306\u0303": [
        "A\u0306\u0303"
    ],
    "a\u0303\u0306": [
        "A\u0303\u0306"
    ],
    "\u1eb7": [
        "\u1eb6"
    ],
    "a\u0323\u0306": [
        "A\u0323\u0306"
    ],
    "a\u0306\u0323": [
        "A\u0306\u0323"
    ],
    "\u1eb9": [
        "\u1eb8"
    ],
    "e\u0323": [
        "E\u0323"
    ],
    "\u1ebb": [
        "\u1eba"
    ],
    "e\u0309": [
        "E\u0309"
    ],
    "\u1ebd": [
        "\u1ebc"
    ],
    "e\u0303": [
        "E\u0303"
    ],
    "\u1ebf": [
        "\u1ebe"
    ],
    "e\u0302\u0301": [
        "E\u0302\u0301"
    ],
    "e\u0301\u0302": [
        "E\u0301\u0302"
    ],
    "\u1ec1": [
        "\u1ec0"
    ],
    "e\u0302\u0300": [
        "E\u0302\u0300"
    ],
    "e\u0300\u0302": [
        "E\u0300\u0302"
    ],
    "\u1ec3": [
        "\u1ec2"
    ],
    "e\u0302\u0309": [
        "E\u0302\u0309"
    ],
    "e\u0309\u0302": [
        "E\u0309\u0302"
    ],
    "\u1ec5": [
        "\u1ec4"
    ],
    "e\u0302\u0303": [
        "E\u0302\u0303"
    ],
    "e\u0303\u0302": [
        "E\u0303\u0302"
    ],
    "\u1ec7": [
        "\u1ec6"
    ],
    "e\u0323\u0302": [
        "E\u0323\u0302"
    ],
    "e\u0302\u0323": [
        "E\u0302\u0323"
    ],
    "\u1ec9": [
        "\u1ec8"
    ],
    "i\u0309": [
        "I\u0309"
    ],
    "\u1ecb": [
        "\u1eca"
    ],
    "i\u0323": [
        "I\u0323"
    ],
    "\u1ecd": [
        "\u1ecc"
    ],
    "o\u0323": [
        "O\u0323"
    ],
    "\u1ecf": [
        "\u1ece"
    ],
    "o\u0309": [
        "O\u0309"
    ],
    "\u1ed1": [
        "\u1ed0"
    ],
    "o\u0302\u0301": [
        "O\u0302\u0301"
    ],
    "o\u0301\u0302": [
        "O\u0301\u0302"
    ],
    "\u1ed3": [
        "\u1ed2"
    ],
    "o\u0302\u0300": [
        "O\u0302\u0300"
    ],
    "o\u0300\u0302": [
        "O\u0300\u0302"
    ],
    "\u1ed5": [
        "\u1ed4"
    ],
    "o\u0302\u0309": [
        "O\u0302\u0309"
    ],
    "o\u0309\u0302": [
        "O\u0309\u0302"
    ],
    "\u1ed7": [
        "\u1ed6"
    ],
    "o\u0302\u0303": [
        "O\u0302\u0303"
    ],
    "o\u0303\u0302": [
        "O\u0303\u0302"
    ],
    "\u1ed9": [
        "\u1ed8"
    ],
    "o\u0323\u0302": [
        "O\u0323\u0302"
    ],
    "o\u0302\u0323": [
        "O\u0302\u0323"
    ],
    "\u1edb": [
        "\u1eda"
    ],
    "o\u031b\u0301": [
        "O\u031b\u0301"
    ],
    "o\u0301\u031b": [
        "O\u0301\u031b"
    ],
    "\u1edd": [
        "\u1edc"
    ],
    "o\u031b\u0300": [
        "O\u031b\u0300"
    ],
    "o\u0300\u031b": [
        "O\u0300\u031b"
    ],
    "\u1edf": [
        "\u1ede"
    ],
    "o\u031b\u0309": [
        "O\u031b\u0309"
    ],
    "o\u0309\u031b": [
        "O\u0309\u031b"
    ],
    "\u1ee1": [
        "\u1ee0"
    ],
    "o\u031b\u0303": [
        "O\u031b\u0303"
    ],
    "o\u0303\u031b": [
        "O\u0303\u031b"
    ],
    "\u1ee3": [
        "\u1ee2"
    ],
    "o\u031b\u0323": [
        "O\u031b\u0323"
    ],
    "o\u0323\u031b": [
        "O\u0323\u031b"
    ],
    "\u1ee5": [
        "\u1ee4"
    ],
    "u\u0323": [
        "U\u0323"
    ],
    "\u1ee7": [
        "\u1ee6"
    ],
    "u\u0309": [
        "U\u0309"
    ],
    "\u1ee9": [
        "\u1ee8"
    ],
    "u\u031b\u0301": [
        "U\u031b\u0301"
    ],
    "u\u0301\u031b": [
        "U\u0301\u031b"
    ],
    "\u1eeb": [
        "\u1eea"
    ],
    "u\u031b\u0300": [
        "U\u031b\u0300"
    ],
    "u\u0300\u031b": [
        "U\u0300\u031b"
    ],
    "\u1eed": [
        "\u1eec"
    ],
    "u\u031b\u0309": [
        "U\u031b\u0309"
    ],
    "u\u0309\u031b": [
        "U\u0309\u031b"
    ],
    "\u1eef": [
        "\u1eee"
    ],
    "u\u031b\u0303": [
        "U\u031b\u0303"
    ],
    "u\u0303\u031b": [
        "U\u0303\u031b"
    ],
    "\u1ef1": [
        "\u1ef0"
    ],
    "u\u031b\u0323": [
        "U\u031b\u0323"
    ],
    "u\u0323\u031b": [
        "U\u0323\u031b"
    ],
    "\u1ef3": [
        "\u1ef2"
    ],
    "y\u0300": [
        "Y\u0300"
    ],
    "\u1ef5": [
        "\u1ef4"
    ],
    "y\u0323": [
        "Y\u0323"
    ],
    "\u1ef7": [
        "\u1ef6"
    ],
    "y\u0309": [
        "Y\u0309"
    ],
    "\u1ef9": [
        "\u1ef8"
    ],
    "y\u0303": [
        "Y\u0303"
    ],
    "\u1efb": [
        "\u1efa"
    ],
    "\u1efd": [
        "\u1efc"
    ],
    "\u1eff": [
        "\u1efe"
    ],
    "\u1f00": [
        "\u1f08"
    ],
    "\u03b1\u0313": [
        "\u0391\u0313"
    ],
    "\u1f01": [
        "\u1f09"
    ],
    "\u03b1\u0314": [
        "\u0391\u0314"
    ],
    "\u1f02": [
        "\u1f0a"
    ],
    "\u03b1\u0313\u0300": [
        "\u0391\u0313\u0300"
    ],
    "\u03b1\u0300\u0313": [
        "\u0391\u0300\u0313"
    ],
    "\u1f03": [
        "\u1f0b"
    ],
    "\u03b1\u0314\u0300": [
        "\u0391\u0314\u0300"
    ],
    "\u03b1\u0300\u0314": [
        "\u0391\u0300\u0314"
    ],
    "\u1f04": [
        "\u1f0c"
    ],
    "\u03b1\u0313\u0301": [
        "\u0391\u0313\u0301"
    ],
    "\u03b1\u0301\u0313": [
        "\u0391\u0301\u0313"
    ],
    "\u1f05": [
        "\u1f0d"
    ],
    "\u03b1\u0314\u0301": [
        "\u0391\u0314\u0301"
    ],
    "\u03b1\u0301\u0314": [
        "\u0391\u0301\u0314"
    ],
    "\u1f06": [
        "\u1f0e"
    ],
    "\u03b1\u0313\u0342": [
        "\u0391\u0313\u0342"
    ],
    "\u03b1\u0342\u0313": [
        "\u0391\u0342\u0313"
    ],
    "\u1f07": [
        "\u1f0f"
    ],
    "\u03b1\u0314\u0342": [
        "\u0391\u0314\u0342"
    ],
    "\u03b1\u0342\u0314": [
        "\u0391\u0342\u0314"
    ],
    "\u1f10": [
        "\u1f18"
    ],
    "\u03b5\u0313": [
        "\u0395\u0313"
    ],
    "\u1f11": [
        "\u1f19"
    ],
    "\u03b5\u0314": [
        "\u0395\u0314"
    ],
    "\u1f12": [
        "\u1f1a"
    ],
    "\u03b5\u0313\u0300": [
        "\u0395\u0313\u0300"
    ],
    "\u03b5\u0300\u0313": [
        "\u0395\u0300\u0313"
    ],
    "\u1f13": [
        "\u1f1b"
    ],
    "\u03b5\u0314\u0300": [
        "\u0395\u0314\u0300"
    ],
    "\u03b5\u0300\u0314": [
        "\u0395\u0300\u0314"
    ],
    "\u1f14": [
        "\u1f1c"
    ],
    "\u03b5\u0313\u0301": [
        "\u0395\u0313\u0301"
    ],
    "\u03b5\u0301\u0313": [
        "\u0395\u0301\u0313"
    ],
    "\u1f15": [
        "\u1f1d"
    ],
    "\u03b5\u0314\u0301": [
        "\u0395\u0314\u0301"
    ],
    "\u03b5\u0301\u0314": [
        "\u0395\u0301\u0314"
    ],
    "\u1f20": [
        "\u1f28"
    ],
    "\u03b7\u0313": [
        "\u0397\u0313"
    ],
    "\u1f21": [
        "\u1f29"
    ],
    "\u03b7\u0314": [
        "\u0397\u0314"
    ],
    "\u1f22": [
        "\u1f2a"
    ],
    "\u03b7\u0313\u0300": [
        "\u0397\u0313\u0300"
    ],
    "\u03b7\u0300\u0313": [
        "\u0397\u0300\u0313"
    ],
    "\u1f23": [
        "\u1f2b"
    ],
    "\u03b7\u0314\u0300": [
        "\u0397\u0314\u0300"
    ],
    "\u03b7\u0300\u0314": [
        "\u0397\u0300\u0314"
    ],
    "\u1f24": [
        "\u1f2c"
    ],
    "\u03b7\u0313\u0301": [
        "\u0397\u0313\u0301"
    ],
    "\u03b7\u0301\u0313": [
        "\u0397\u0301\u0313"
    ],
    "\u1f25": [
        "\u1f2d"
    ],
    "\u03b7\u0314\u0301": [
        "\u0397\u0314\u0301"
    ],
    "\u03b7\u0301\u0314": [
        "\u0397\u0301\u0314"
    ],
    "\u1f26": [
        "\u1f2e"
    ],
    "\u03b7\u0313\u0342": [
        "\u0397\u0313\u0342"
    ],
    "\u03b7\u0342\u0313": [
        "\u0397\u0342\u0313"
    ],
    "\u1f27": [
        "\u1f2f"
    ],
    "\u03b7\u0314\u0342": [
        "\u0397\u0314\u0342"
    ],
    "\u03b7\u0342\u0314": [
        "\u0397\u0342\u0314"
    ],
    "\u1f30": [
        "\u1f38"
    ],
    "\u03b9\u0313": [
        "\u0399\u0313"
    ],
    "\u1f31": [
        "\u1f39"
    ],
    "\u03b9\u0314": [
        "\u0399\u0314"
    ],
    "\u1f32": [
        "\u1f3a"
    ],
    "\u03b9\u0313\u0300": [
        "\u0399\u0313\u0300"
    ],
    "\u03b9\u0300\u0313": [
        "\u0399\u0300\u0313"
    ],
    "\u1f33": [
        "\u1f3b"
    ],
    "\u03b9\u0314\u0300": [
        "\u0399\u0314\u0300"
    ],
    "\u03b9\u0300\u0314": [
        "\u0399\u0300\u0314"
    ],
    "\u1f34": [
        "\u1f3c"
    ],
    "\u03b9\u0313\u0301": [
        "\u0399\u0313\u0301"
    ],
    "\u03b9\u0301\u0313": [
        "\u0399\u0301\u0313"
    ],
    "\u1f35": [
        "\u1f3d"
    ],
    "\u03b9\u0314\u0301": [
        "\u0399\u0314\u0301"
    ],
    "\u03b9\u0301\u0314": [
        "\u0399\u0301\u0314"
    ],
    "\u1f36": [
        "\u1f3e"
    ],
    "\u03b9\u0313\u0342": [
        "\u0399\u0313\u0342"
    ],
    "\u03b9\u0342\u0313": [
        "\u0399\u0342\u0313"
    ],
    "\u1f37": [
        "\u1f3f"
    ],
    "\u03b9\u0314\u0342": [
        "\u0399\u0314\u0342"
    ],
    "\u03b9\u0342\u0314": [
        "\u0399\u0342\u0314"
    ],
    "\u1f40": [
        "\u1f48"
    ],
    "\u03bf\u0313": [
        "\u039f\u0313"
    ],
    "\u1f41": [
        "\u1f49"
    ],
    "\u03bf\u0314": [
        "\u039f\u0314"
    ],
    "\u1f42": [
        "\u1f4a"
    ],
    "\u03bf\u0313\u0300": [
        "\u039f\u0313\u0300"
    ],
    "\u03bf\u0300\u0313": [
        "\u039f\u0300\u0313"
    ],
    "\u1f43": [
        "\u1f4b"
    ],
    "\u03bf\u0314\u0300": [
        "\u039f\u0314\u0300"
    ],
    "\u03bf\u0300\u0314": [
        "\u039f\u0300\u0314"
    ],
    "\u1f44": [
        "\u1f4c"
    ],
    "\u03bf\u0313\u0301": [
        "\u039f\u0313\u0301"
    ],
    "\u03bf\u0301\u0313": [
        "\u039f\u0301\u0313"
    ],
    "\u1f45": [
        "\u1f4d"
    ],
    "\u03bf\u0314\u0301": [
        "\u039f\u0314\u0301"
    ],
    "\u03bf\u0301\u0314": [
        "\u039f\u0301\u0314"
    ],
    "\u03c5\u0313": [
        "\u1f50"
    ],
    "\u03c5\u0313\u0300": [
        "\u1f52"
    ],
    "\u03c5\u0313\u0301": [
        "\u1f54"
    ],
    "\u03c5\u0313\u0342": [
        "\u1f56"
    ],
    "\u1f51": [
        "\u1f59"
    ],
    "\u03c5\u0314": [
        "\u03a5\u0314"
    ],
    "\u1f53": [
        "\u1f5b"
    ],
    "\u03c5\u0314\u0300": [
        "\u03a5\u0314\u0300"
    ],
    "\u03c5\u0300\u0314": [
        "\u03a5\u0300\u0314"
    ],
    "\u1f55": [
        "\u1f5d"
    ],
    "\u03c5\u0314\u0301": [
        "\u03a5\u0314\u0301"
    ],
    "\u03c5\u0301\u0314": [
        "\u03a5\u0301\u0314"
    ],
    "\u1f57": [
        "\u1f5f"
    ],
    "\u03c5\u0314\u0342": [
        "\u03a5\u0314\u0342"
    ],
    "\u03c5\u0342\u0314": [
        "\u03a5\u0342\u0314"
    ],
    "\u1f60": [
        "\u1f68"
    ],
    "\u03c9\u0313": [
        "\u03a9\u0313"
    ],
    "\u1f61": [
        "\u1f69"
    ],
    "\u03c9\u0314": [
        "\u03a9\u0314"
    ],
    "\u1f62": [
        "\u1f6a"
    ],
    "\u03c9\u0313\u0300": [
        "\u03a9\u0313\u0300"
    ],
    "\u03c9\u0300\u0313": [
        "\u03a9\u0300\u0313"
    ],
    "\u1f63": [
        "\u1f6b"
    ],
    "\u03c9\u0314\u0300": [
        "\u03a9\u0314\u0300"
    ],
    "\u03c9\u0300\u0314": [
        "\u03a9\u0300\u0314"
    ],
    "\u1f64": [
        "\u1f6c"
    ],
    "\u03c9\u0313\u0301": [
        "\u03a9\u0313\u0301"
    ],
    "\u03c9\u0301\u0313": [
        "\u03a9\u0301\u0313"
    ],
    "\u1f65": [
        "\u1f6d"
    ],
    "\u03c9\u0314\u0301": [
        "\u03a9\u0314\u0301"
    ],
    "\u03c9\u0301\u0314": [
        "\u03a9\u0301\u0314"
    ],
    "\u1f66": [
        "\u1f6e"
    ],
    "\u03c9\u0313\u0342": [
        "\u03a9\u0313\u0342"
    ],
    "\u03c9\u0342\u0313": [
        "\u03a9\u0342\u0313"
    ],
    "\u1f67": [
        "\u1f6f"
    ],
    "\u03c9\u0314\u0342": [
        "\u03a9\u0314\u0342"
    ],
    "\u03c9\u0342\u0314": [
        "\u03a9\u0342\u0314"
    ],
    "\u1f00\u03b9": [
        "\u1f80",
        "\u1f88"
    ],
    "\u03b1\u0313\u03b9": [
        "\u0391\u0313\u0345",
        "\u03b1\u0313\u0345"
    ],
    "\u03b1\u03b9\u0313": [
        "\u0391\u0345\u0313",
        "\u03b1\u0345\u0313"
    ],
    "\u1f01\u03b9": [
        "\u1f81",
        "\u1f89"
    ],
    "\u03b1\u0314\u03b9": [
        "\u0391\u0314\u0345",
        "\u03b1\u0314\u0345"
    ],
    "\u03b1\u03b9\u0314": [
        "\u0391\u0345\u0314",
        "\u03b1\u0345\u0314"
    ],
    "\u1f02\u03b9": [
        "\u1f82",
        "\u1f8a"
    ],
    "\u03b1\u0313\u0300\u03b9": [
        "\u0391\u0313\u0300\u0345",
        "\u03b1\u0313\u0300\u0345"
    ],
    "\u03b1\u0313\u03b9\u0300": [
        "\u0391\u0313\u0345\u0300",
        "\u03b1\u0313\u0345\u0300"
    ],
    "\u03b1\u0300\u0313\u03b9": [
        "\u0391\u0300\u0313\u0345",
        "\u03b1\u0300\u0313\u0345"
    ],
    "\u03b1\u0300\u03b9\u0313": [
        "\u0391\u0300\u0345\u0313",
        "\u03b1\u0300\u0345\u0313"
    ],
    "\u03b1\u03b9\u0313\u0300": [
        "\u0391\u0345\u0313\u0300",
        "\u03b1\u0345\u0313\u0300"
    ],
    "\u03b1\u03b9\u0300\u0313": [
        "\u0391\u0345\u0300\u0313",
        "\u03b1\u0345\u0300\u0313"
    ],
    "\u1f03\u03b9": [
        "\u1f83",
        "\u1f8b"
    ],
    "\u03b1\u0314\u0300\u03b9": [
        "\u0391\u0314\u0300\u0345",
        "\u03b1\u0314\u0300\u0345"
    ],
    "\u03b1\u0314\u03b9\u0300": [
        "\u0391\u0314\u0345\u0300",
        "\u03b1\u0314\u0345\u0300"
    ],
    "\u03b1\u0300\u0314\u03b9": [
        "\u0391\u0300\u0314\u0345",
        "\u03b1\u0300\u0314\u0345"
    ],
    "\u03b1\u0300\u03b9\u0314": [
        "\u0391\u0300\u0345\u0314",
        "\u03b1\u0300\u0345\u0314"
    ],
    "\u03b1\u03b9\u0314\u0300": [
        "\u0391\u0345\u0314\u0300",
        "\u03b1\u0345\u0314\u0300"
    ],
    "\u03b1\u03b9\u0300\u0314": [
        "\u0391\u0345\u0300\u0314",
        "\u03b1\u0345\u0300\u0314"
    ],
    "\u1f04\u03b9": [
        "\u1f84",
        "\u1f8c"
    ],
    "\u03b1\u0313\u0301\u03b9": [
        "\u0391\u0313\u0301\u0345",
        "\u03b1\u0313\u0301\u0345"
    ],
    "\u03b1\u0313\u03b9\u0301": [
        "\u0391\u0313\u0345\u0301",
        "\u03b1\u0313\u0345\u0301"
    ],
    "\u03b1\u0301\u0313\u03b9": [
        "\u0391\u0301\u0313\u0345",
        "\u03b1\u0301\u0313\u0345"
    ],
    "\u03b1\u0301\u03b9\u0313": [
        "\u0391\u0301\u0345\u0313",
        "\u03b1\u0301\u0345\u0313"
    ],
    "\u03b1\u03b9\u0313\u0301": [
        "\u0391\u0345\u0313\u0301",
        "\u03b1\u0345\u0313\u0301"
    ],
    "\u03b1\u03b9\u0301\u0313": [
        "\u0391\u0345\u0301\u0313",
        "\u03b1\u0345\u0301\u0313"
    ],
    "\u1f05\u03b9": [
        "\u1f85",
        "\u1f8d"
    ],
    "\u03b1\u0314\u0301\u03b9": [
        "\u0391\u0314\u0301\u0345",
        "\u03b1\u0314\u0301\u0345"
    ],
    "\u03b1\u0314\u03b9\u0301": [
        "\u0391\u0314\u0345\u0301",
        "\u03b1\u0314\u0345\u0301"
    ],
    "\u03b1\u0301\u0314\u03b9": [
        "\u0391\u0301\u0314\u0345",
        "\u03b1\u0301\u0314\u0345"
    ],
    "\u03b1\u0301\u03b9\u0314": [
        "\u0391\u0301\u0345\u0314",
        "\u03b1\u0301\u0345\u0314"
    ],
    "\u03b1\u03b9\u0314\u0301": [
        "\u0391\u0345\u0314\u0301",
        "\u03b1\u0345\u0314\u0301"
    ],
    "\u03b1\u03b9\u0301\u0314": [
        "\u0391\u0345\u0301\u0314",
        "\u03b1\u0345\u0301\u0314"
    ],
    "\u1f06\u03b9": [
        "\u1f86",
        "\u1f8e"
    ],
    "\u03b1\u0313\u0342\u03b9": [
        "\u0391\u0313\u0342\u0345",
        "\u03b1\u0313\u0342\u0345"
    ],
    "\u03b1\u0313\u03b9\u0342": [
        "\u0391\u0313\u0345\u0342",
        "\u03b1\u0313\u0345\u0342"
    ],
    "\u03b1\u0342\u0313\u03b9": [
        "\u0391\u0342\u0313\u0345",
        "\u03b1\u0342\u0313\u0345"
    ],
    "\u03b1\u0342\u03b9\u0313": [
        "\u0391\u0342\u0345\u0313",
        "\u03b1\u0342\u0345\u0313"
    ],
    "\u03b1\u03b9\u0313\u0342": [
        "\u0391\u0345\u0313\u0342",
        "\u03b1\u0345\u0313\u0342"
    ],
    "\u03b1\u03b9\u0342\u0313": [
        "\u0391\u0345\u0342\u0313",
        "\u03b1\u0345\u0342\u0313"
    ],
    "\u1f07\u03b9": [
        "\u1f87",
        "\u1f8f"
    ],
    "\u03b1\u0314\u0342\u03b9": [
        "\u0391\u0314\u0342\u0345",
        "\u03b1\u0314\u0342\u0345"
    ],
    "\u03b1\u0314\u03b9\u0342": [
        "\u0391\u0314\u0345\u0342",
        "\u03b1\u0314\u0345\u0342"
    ],
    "\u03b1\u0342\u0314\u03b9": [
        "\u0391\u0342\u0314\u0345",
        "\u03b1\u0342\u0314\u0345"
    ],
    "\u03b1\u0342\u03b9\u0314": [
        "\u0391\u0342\u0345\u0314",
        "\u03b1\u0342\u0345\u0314"
    ],
    "\u03b1\u03b9\u0314\u0342": [
        "\u0391\u0345\u0314\u0342",
        "\u03b1\u0345\u0314\u0342"
    ],
    "\u03b1\u03b9\u0342\u0314": [
        "\u0391\u0345\u0342\u0314",
        "\u03b1\u0345\u0342\u0314"
    ],
    "\u1f20\u03b9": [
        "\u1f90",
        "\u1f98"
    ],
    "\u03b7\u0313\u03b9": [
        "\u0397\u0313\u0345",
        "\u03b7\u0313\u0345"
    ],
    "\u03b7\u03b9\u0313": [
        "\u0397\u0345\u0313",
        "\u03b7\u0345\u0313"
    ],
    "\u1f21\u03b9": [
        "\u1f91",
        "\u1f99"
    ],
    "\u03b7\u0314\u03b9": [
        "\u0397\u0314\u0345",
        "\u03b7\u0314\u0345"
    ],
    "\u03b7\u03b9\u0314": [
        "\u0397\u0345\u0314",
        "\u03b7\u0345\u0314"
    ],
    "\u1f22\u03b9": [
        "\u1f92",
        "\u1f9a"
    ],
    "\u03b7\u0313\u0300\u03b9": [
        "\u0397\u0313\u0300\u0345",
        "\u03b7\u0313\u0300\u0345"
    ],
    "\u03b7\u0313\u03b9\u0300": [
        "\u0397\u0313\u0345\u0300",
        "\u03b7\u0313\u0345\u0300"
    ],
    "\u03b7\u0300\u0313\u03b9": [
        "\u0397\u0300\u0313\u0345",
        "\u03b7\u0300\u0313\u0345"
    ],
    "\u03b7\u0300\u03b9\u0313": [
        "\u0397\u0300\u0345\u0313",
        "\u03b7\u0300\u0345\u0313"
    ],
    "\u03b7\u03b9\u0313\u0300": [
        "\u0397\u0345\u0313\u0300",
        "\u03b7\u0345\u0313\u0300"
    ],
    "\u03b7\u03b9\u0300\u0313": [
        "\u0397\u0345\u0300\u0313",
        "\u03b7\u0345\u0300\u0313"
    ],
    "\u1f23\u03b9": [
        "\u1f93",
        "\u1f9b"
    ],
    "\u03b7\u0314\u0300\u03b9": [
        "\u0397\u0314\u0300\u0345",
        "\u03b7\u0314\u0300\u0345"
    ],
    "\u03b7\u0314\u03b9\u0300": [
        "\u0397\u0314\u0345\u0300",
        "\u03b7\u0314\u0345\u0300"
    ],
    "\u03b7\u0300\u0314\u03b9": [
        "\u0397\u0300\u0314\u0345",
        "\u03b7\u0300\u0314\u0345"
    ],
    "\u03b7\u0300\u03b9\u0314": [
        "\u0397\u0300\u0345\u0314",
        "\u03b7\u0300\u0345\u0314"
    ],
    "\u03b7\u03b9\u0314\u0300": [
        "\u0397\u0345\u0314\u0300",
        "\u03b7\u0345\u0314\u0300"
    ],
    "\u03b7\u03b9\u0300\u0314": [
        "\u0397\u0345\u0300\u0314",
        "\u03b7\u0345\u0300\u0314"
    ],
    "\u1f24\u03b9": [
        "\u1f94",
        "\u1f9c"
    ],
    "\u03b7\u0313\u0301\u03b9": [
        "\u0397\u0313\u0301\u0345",
        "\u03b7\u0313\u0301\u0345"
    ],
    "\u03b7\u0313\u03b9\u0301": [
        "\u0397\u0313\u0345\u0301",
        "\u03b7\u0313\u0345\u0301"
    ],
    "\u03b7\u0301\u0313\u03b9": [
        "\u0397\u0301\u0313\u0345",
        "\u03b7\u0301\u0313\u0345"
    ],
    "\u03b7\u0301\u03b9\u0313": [
        "\u0397\u0301\u0345\u0313",
        "\u03b7\u0301\u0345\u0313"
    ],
    "\u03b7\u03b9\u0313\u0301": [
        "\u0397\u0345\u0313\u0301",
        "\u03b7\u0345\u0313\u0301"
    ],
    "\u03b7\u03b9\u0301\u0313": [
        "\u0397\u0345\u0301\u0313",
        "\u03b7\u0345\u0301\u0313"
    ],
    "\u1f25\u03b9": [
        "\u1f95",
        "\u1f9d"
    ],
    "\u03b7\u0314\u0301\u03b9": [
        "\u0397\u0314\u0301\u0345",
        "\u03b7\u0314\u0301\u0345"
    ],
    "\u03b7\u0314\u03b9\u0301": [
        "\u0397\u0314\u0345\u0301",
        "\u03b7\u0314\u0345\u0301"
    ],
    "\u03b7\u0301\u0314\u03b9": [
        "\u0397\u0301\u0314\u0345",
        "\u03b7\u0301\u0314\u0345"
    ],
    "\u03b7\u0301\u03b9\u0314": [
        "\u0397\u0301\u0345\u0314",
        "\u03b7\u0301\u0345\u0314"
    ],
    "\u03b7\u03b9\u0314\u0301": [
        "\u0397\u0345\u0314\u0301",
        "\u03b7\u0345\u0314\u0301"
    ],
    "\u03b7\u03b9\u0301\u0314": [
        "\u0397\u0345\u0301\u0314",
        "\u03b7\u0345\u0301\u0314"
    ],
    "\u1f26\u03b9": [
        "\u1f96",
        "\u1f9e"
    ],
    "\u03b7\u0313\u0342\u03b9": [
        "\u0397\u0313\u0342\u0345",
        "\u03b7\u0313\u0342\u0345"
    ],
    "\u03b7\u0313\u03b9\u0342": [
        "\u0397\u0313\u0345\u0342",
        "\u03b7\u0313\u0345\u0342"
    ],
    "\u03b7\u0342\u0313\u03b9": [
        "\u0397\u0342\u0313\u0345",
        "\u03b7\u0342\u0313\u0345"
    ],
    "\u03b7\u0342\u03b9\u0313": [
        "\u0397\u0342\u0345\u0313",
        "\u03b7\u0342\u0345\u0313"
    ],
    "\u03b7\u03b9\u0313\u0342": [
        "\u0397\u0345\u0313\u0342",
        "\u03b7\u0345\u0313\u0342"
    ],
    "\u03b7\u03b9\u0342\u0313": [
        "\u0397\u0345\u0342\u0313",
        "\u03b7\u0345\u0342\u0313"
    ],
    "\u1f27\u03b9": [
        "\u1f97",
        "\u1f9f"
    ],
    "\u03b7\u0314\u0342\u03b9": [
        "\u0397\u0314\u0342\u0345",
        "\u03b7\u0314\u0342\u0345"
    ],
    "\u03b7\u0314\u03b9\u0342": [
        "\u0397\u0314\u0345\u0342",
        "\u03b7\u0314\u0345\u0342"
    ],
    "\u03b7\u0342\u0314\u03b9": [
        "\u0397\u0342\u0314\u0345",
        "\u03b7\u0342\u0314\u0345"
    ],
    "\u03b7\u0342\u03b9\u0314": [
        "\u0397\u0342\u0345\u0314",
        "\u03b7\u0342\u0345\u0314"
    ],
    "\u03b7\u03b9\u0314\u0342": [
        "\u0397\u0345\u0314\u0342",
        "\u03b7\u0345\u0314\u0342"
    ],
    "\u03b7\u03b9\u0342\u0314": [
        "\u0397\u0345\u0342\u0314",
        "\u03b7\u0345\u0342\u0314"
    ],
    "\u1f60\u03b9": [
        "\u1fa0",
        "\u1fa8"
    ],
    "\u03c9\u0313\u03b9": [
        "\u03a9\u0313\u0345",
        "\u03c9\u0313\u0345"
    ],
    "\u03c9\u03b9\u0313": [
        "\u03a9\u0345\u0313",
        "\u03c9\u0345\u0313"
    ],
    "\u1f61\u03b9": [
        "\u1fa1",
        "\u1fa9"
    ],
    "\u03c9\u0314\u03b9": [
        "\u03a9\u0314\u0345",
        "\u03c9\u0314\u0345"
    ],
    "\u03c9\u03b9\u0314": [
        "\u03a9\u0345\u0314",
        "\u03c9\u0345\u0314"
    ],
    "\u1f62\u03b9": [
        "\u1fa2",
        "\u1faa"
    ],
    "\u03c9\u0313\u0300\u03b9": [
        "\u03a9\u0313\u0300\u0345",
        "\u03c9\u0313\u0300\u0345"
    ],
    "\u03c9\u0313\u03b9\u0300": [
        "\u03a9\u0313\u0345\u0300",
        "\u03c9\u0313\u0345\u0300"
    ],
    "\u03c9\u0300\u0313\u03b9": [
        "\u03a9\u0300\u0313\u0345",
        "\u03c9\u0300\u0313\u0345"
    ],
    "\u03c9\u0300\u03b9\u0313": [
        "\u03a9\u0300\u0345\u0313",
        "\u03c9\u0300\u0345\u0313"
    ],
    "\u03c9\u03b9\u0313\u0300": [
        "\u03a9\u0345\u0313\u0300",
        "\u03c9\u0345\u0313\u0300"
    ],
    "\u03c9\u03b9\u0300\u0313": [
        "\u03a9\u0345\u0300\u0313",
        "\u03c9\u0345\u0300\u0313"
    ],
    "\u1f63\u03b9": [
        "\u1fa3",
        "\u1fab"
    ],
    "\u03c9\u0314\u0300\u03b9": [
        "\u03a9\u0314\u0300\u0345",
        "\u03c9\u0314\u0300\u0345"
    ],
    "\u03c9\u0314\u03b9\u0300": [
        "\u03a9\u0314\u0345\u0300",
        "\u03c9\u0314\u0345\u0300"
    ],
    "\u03c9\u0300\u0314\u03b9": [
        "\u03a9\u0300\u0314\u0345",
        "\u03c9\u0300\u0314\u0345"
    ],
    "\u03c9\u0300\u03b9\u0314": [
        "\u03a9\u0300\u0345\u0314",
        "\u03c9\u0300\u0345\u0314"
    ],
    "\u03c9\u03b9\u0314\u0300": [
        "\u03a9\u0345\u0314\u0300",
        "\u03c9\u0345\u0314\u0300"
    ],
    "\u03c9\u03b9\u0300\u0314": [
        "\u03a9\u0345\u0300\u0314",
        "\u03c9\u0345\u0300\u0314"
    ],
    "\u1f64\u03b9": [
        "\u1fa4",
        "\u1fac"
    ],
    "\u03c9\u0313\u0301\u03b9": [
        "\u03a9\u0313\u0301\u0345",
        "\u03c9\u0313\u0301\u0345"
    ],
    "\u03c9\u0313\u03b9\u0301": [
        "\u03a9\u0313\u0345\u0301",
        "\u03c9\u0313\u0345\u0301"
    ],
    "\u03c9\u0301\u0313\u03b9": [
        "\u03a9\u0301\u0313\u0345",
        "\u03c9\u0301\u0313\u0345"
    ],
    "\u03c9\u0301\u03b9\u0313": [
        "\u03a9\u0301\u0345\u0313",
        "\u03c9\u0301\u0345\u0313"
    ],
    "\u03c9\u03b9\u0313\u0301": [
        "\u03a9\u0345\u0313\u0301",
        "\u03c9\u0345\u0313\u0301"
    ],
    "\u03c9\u03b9\u0301\u0313": [
        "\u03a9\u0345\u0301\u0313",
        "\u03c9\u0345\u0301\u0313"
    ],
    "\u1f65\u03b9": [
        "\u1fa5",
        "\u1fad"
    ],
    "\u03c9\u0314\u0301\u03b9": [
        "\u03a9\u0314\u0301\u0345",
        "\u03c9\u0314\u0301\u0345"
    ],
    "\u03c9\u0314\u03b9\u0301": [
        "\u03a9\u0314\u0345\u0301",
        "\u03c9\u0314\u0345\u0301"
    ],
    "\u03c9\u0301\u0314\u03b9": [
        "\u03a9\u0301\u0314\u0345",
        "\u03c9\u0301\u0314\u0345"
    ],
    "\u03c9\u0301\u03b9\u0314": [
        "\u03a9\u0301\u0345\u0314",
        "\u03c9\u0301\u0345\u0314"
    ],
    "\u03c9\u03b9\u0314\u0301": [
        "\u03a9\u0345\u0314\u0301",
        "\u03c9\u0345\u0314\u0301"
    ],
    "\u03c9\u03b9\u0301\u0314": [
        "\u03a9\u0345\u0301\u0314",
        "\u03c9\u0345\u0301\u0314"
    ],
    "\u1f66\u03b9": [
        "\u1fa6",
        "\u1fae"
    ],
    "\u03c9\u0313\u0342\u03b9": [
        "\u03a9\u0313\u0342\u0345",
        "\u03c9\u0313\u0342\u0345"
    ],
    "\u03c9\u0313\u03b9\u0342": [
        "\u03a9\u0313\u0345\u0342",
        "\u03c9\u0313\u0345\u0342"
    ],
    "\u03c9\u0342\u0313\u03b9": [
        "\u03a9\u0342\u0313\u0345",
        "\u03c9\u0342\u0313\u0345"
    ],
    "\u03c9\u0342\u03b9\u0313": [
        "\u03a9\u0342\u0345\u0313",
        "\u03c9\u0342\u0345\u0313"
    ],
    "\u03c9\u03b9\u0313\u0342": [
        "\u03a9\u0345\u0313\u0342",
        "\u03c9\u0345\u0313\u0342"
    ],
    "\u03c9\u03b9\u0342\u0313": [
        "\u03a9\u0345\u0342\u0313",
        "\u03c9\u0345\u0342\u0313"
    ],
    "\u1f67\u03b9": [
        "\u1fa7",
        "\u1faf"
    ],
    "\u03c9\u0314\u0342\u03b9": [
        "\u03a9\u0314\u0342\u0345",
        "\u03c9\u0314\u0342\u0345"
    ],
    "\u03c9\u0314\u03b9\u0342": [
        "\u03a9\u0314\u0345\u0342",
        "\u03c9\u0314\u0345\u0342"
    ],
    "\u03c9\u0342\u0314\u03b9": [
        "\u03a9\u0342\u0314\u0345",
        "\u03c9\u0342\u0314\u0345"
    ],
    "\u03c9\u0342\u03b9\u0314": [
        "\u03a9\u0342\u0345\u0314",
        "\u03c9\u0342\u0345\u0314"
    ],
    "\u03c9\u03b9\u0314\u0342": [
        "\u03a9\u0345\u0314\u0342",
        "\u03c9\u0345\u0314\u0342"
    ],
    "\u03c9\u03b9\u0342\u0314": [
        "\u03a9\u0345\u0342\u0314",
        "\u03c9\u0345\u0342\u0314"
    ],
    "\u1f70\u03b9": [
        "\u1fb2"
    ],
    "\u03b1\u0300\u03b9": [
        "\u03b1\u0300\u0345"
    ],
    "\u03b1\u03b9\u0300": [
        "\u03b1\u0345\u0300"
    ],
    "\u03b1\u03b9": [
        "\u0391\u0345",
        "\u03b1\u0345",
        "\u1fb3",
        "\u1fbc"
    ],
    "\u03ac\u03b9": [
        "\u1fb4"
    ],
    "\u03b1\u0301\u03b9": [
        "\u03b1\u0301\u0345"
    ],
    "\u03b1\u03b9\u0301": [
        "\u03b1\u0345\u0301"
    ],
    "\u03b1\u0342": [
        "\u1fb6"
    ],
    "\u03b1\u0342\u03b9": [
        "\u03b1\u0342\u0345",
        "\u1fb7"
    ],
    "\u03b1\u03b9\u0342": [
        "\u03b1\u0345\u0342"
    ],
    "\u1fb0": [
        "\u1fb8"
    ],
    "\u03b1\u0306": [
        "\u0391\u0306"
    ],
    "\u1fb1": [
        "\u1fb9"
    ],
    "\u03b1\u0304": [
        "\u0391\u0304"
    ],
    "\u1f70": [
        "\u1fba"
    ],
    "\u03b1\u0300": [
        "\u0391\u0300"
    ],
    "\u1f71": [
        "\u1fbb"
    ],
    "\u1f74\u03b9": [
        "\u1fc2"
    ],
    "\u03b7\u0300\u03b9": [
        "\u03b7\u0300\u0345"
    ],
    "\u03b7\u03b9\u0300": [
        "\u03b7\u0345\u0300"
    ],
    "\u03b7\u03b9": [
        "\u0397\u0345",
        "\u03b7\u0345",
        "\u1fc3",
        "\u1fcc"
    ],
    "\u03ae\u03b9": [
        "\u1fc4"
    ],
    "\u03b7\u0301\u03b9": [
        "\u03b7\u0301\u0345"
    ],
    "\u03b7\u03b9\u0301": [
        "\u03b7\u0345\u0301"
    ],
    "\u03b7\u0342": [
        "\u1fc6"
    ],
    "\u03b7\u0342\u03b9": [
        "\u03b7\u0342\u0345",
        "\u1fc7"
    ],
    "\u03b7\u03b9\u0342": [
        "\u03b7\u0345\u0342"
    ],
    "\u1f72": [
        "\u1fc8"
    ],
    "\u03b5\u0300": [
        "\u0395\u0300"
    ],
    "\u1f73": [
        "\u1fc9"
    ],
    "\u1f74": [
        "\u1fca"
    ],
    "\u03b7\u0300": [
        "\u0397\u0300"
    ],
    "\u1f75": [
        "\u1fcb"
    ],
    "\u03b9\u0308\u0300": [
        "\u1fd2"
    ],
    "\u03b9\u0342": [
        "\u1fd6"
    ],
    "\u03b9\u0308\u0342": [
        "\u1fd7"
    ],
    "\u1fd0": [
        "\u1fd8"
    ],
    "\u03b9\u0306": [
        "\u0399\u0306"
    ],
    "\u1fd1": [
        "\u1fd9"
    ],
    "\u03b9\u0304": [
        "\u0399\u0304"
    ],
    "\u1f76": [
        "\u1fda"
    ],
    "\u03b9\u0300": [
        "\u0399\u0300"
    ],
    "\u1f77": [
        "\u1fdb"
    ],
    "\u03c5\u0308\u0300": [
        "\u1fe2"
    ],
    "\u03c1\u0313": [
        "\u1fe4"
    ],
    "\u03c5\u0342": [
        "\u1fe6"
    ],
    "\u03c5\u0308\u0342": [
        "\u1fe7"
    ],
    "\u1fe0": [
        "\u1fe8"
    ],
    "\u03c5\u0306": [
        "\u03a5\u0306"
    ],
    "\u1fe1": [
        "\u1fe9"
    ],
    "\u03c5\u0304": [
        "\u03a5\u0304"
    ],
    "\u1f7a": [
        "\u1fea"
    ],
    "\u03c5\u0300": [
        "\u03a5\u0300"
    ],
    "\u1f7b": [
        "\u1feb"
    ],
    "\u1fe5": [
        "\u1fec"
    ],
    "\u03c1\u0314": [
        "\u03a1\u0314"
    ],
    "\u1f7c\u03b9": [
        "\u1ff2"
    ],
    "\u03c9\u0300\u03b9": [
        "\u03c9\u0300\u0345"
    ],
    "\u03c9\u03b9\u0300": [
        "\u03c9\u0345\u0300"
    ],
    "\u03c9\u03b9": [
        "\u03a9\u0345",
        "\u03c9\u0345",
        "\u1ff3",
        "\u1ffc"
    ],
    "\u03ce\u03b9": [
        "\u1ff4"
    ],
    "\u03c9\u0301\u03b9": [
        "\u03c9\u0301\u0345"
    ],
    "\u03c9\u03b9\u0301": [
        "\u03c9\u0345\u0301"
    ],
    "\u03c9\u0342": [
        "\u1ff6"
    ],
    "\u03c9\u0342\u03b9": [
        "\u03c9\u0342\u0345",
        "\u1ff7"
    ],
    "\u03c9\u03b9\u0342": [
        "\u03c9\u0345\u0342"
    ],
    "\u1f78": [
        "\u1ff8"
    ],
    "\u03bf\u0300": [
        "\u039f\u0300"
    ],
    "\u1f79": [
        "\u1ff9"
    ],
    "\u1f7c": [
        "\u1ffa"
    ],
    "\u03c9\u0300": [
        "\u03a9\u0300"
    ],
    "\u1f7d": [
        "\u1ffb"
    ],
    "\u214e": [
        "\u2132"
    ],
    "\u2170": [
        "\u2160"
    ],
    "\u2171": [
        "\u2161"
    ],
    "\u2172": [
        "\u2162"
    ],
    "\u2173": [
        "\u2163"
    ],
    "\u2174": [
        "\u2164"
    ],
    "\u2175": [
        "\u2165"
    ],
    "\u2176": [
        "\u2166"
    ],
    "\u2177": [
        "\u2167"
    ],
    "\u2178": [
        "\u2168"
    ],
    "\u2179": [
        "\u2169"
    ],
    "\u217a": [
        "\u216a"
    ],
    "\u217b": [
        "\u216b"
    ],
    "\u217c": [
        "\u216c"
    ],
    "\u217d": [
        "\u216d"
    ],
    "\u217e": [
        "\u216e"
    ],
    "\u217f": [
        "\u216f"
    ],
    "\u2184": [
        "\u2183"
    ],
    "\u24d0": [
        "\u24b6"
    ],
    "\u24d1": [
        "\u24b7"
    ],
    "\u24d2": [
        "\u24b8"
    ],
    "\u24d3": [
        "\u24b9"
    ],
    "\u24d4": [
        "\u24ba"
    ],
    "\u24d5": [
        "\u24bb"
    ],
    "\u24d6": [
        "\u24bc"
    ],
    "\u24d7": [
        "\u24bd"
    ],
    "\u24d8": [
        "\u24be"
    ],
    "\u24d9": [
        "\u24bf"
    ],
    "\u24da": [
        "\u24c0"
    ],
    "\u24db": [
        "\u24c1"
    ],
    "\u24dc": [
        "\u24c2"
    ],
    "\u24dd": [
        "\u24c3"
    ],
    "\u24de": [
        "\u24c4"
    ],
    "\u24df": [
        "\u24c5"
    ],
    "\u24e0": [
        "\u24c6"
    ],
    "\u24e1": [
        "\u24c7"
    ],
    "\u24e2": [
        "\u24c8"
    ],
    "\u24e3": [
        "\u24c9"
    ],
    "\u24e4": [
        "\u24ca"
    ],
    "\u24e5": [
        "\u24cb"
    ],
    "\u24e6": [
        "\u24cc"
    ],
    "\u24e7": [
        "\u24cd"
    ],
    "\u24e8": [
        "\u24ce"
    ],
    "\u24e9": [
        "\u24cf"
    ],
    "\u2c30": [
        "\u2c00"
    ],
    "\u2c31": [
        "\u2c01"
    ],
    "\u2c32": [
        "\u2c02"
    ],
    "\u2c33": [
        "\u2c03"
    ],
    "\u2c34": [
        "\u2c04"
    ],
    "\u2c35": [
        "\u2c05"
    ],
    "\u2c36": [
        "\u2c06"
    ],
    "\u2c37": [
        "\u2c07"
    ],
    "\u2c38": [
        "\u2c08"
    ],
    "\u2c39": [
        "\u2c09"
    ],
    "\u2c3a": [
        "\u2c0a"
    ],
    "\u2c3b": [
        "\u2c0b"
    ],
    "\u2c3c": [
        "\u2c0c"
    ],
    "\u2c3d": [
        "\u2c0d"
    ],
    "\u2c3e": [
        "\u2c0e"
    ],
    "\u2c3f": [
        "\u2c0f"
    ],
    "\u2c40": [
        "\u2c10"
    ],
    "\u2c41": [
        "\u2c11"
    ],
    "\u2c42": [
        "\u2c12"
    ],
    "\u2c43": [
        "\u2c13"
    ],
    "\u2c44": [
        "\u2c14"
    ],
    "\u2c45": [
        "\u2c15"
    ],
    "\u2c46": [
        "\u2c16"
    ],
    "\u2c47": [
        "\u2c17"
    ],
    "\u2c48": [
        "\u2c18"
    ],
    "\u2c49": [
        "\u2c19"
    ],
    "\u2c4a": [
        "\u2c1a"
    ],
    "\u2c4b": [
        "\u2c1b"
    ],
    "\u2c4c": [
        "\u2c1c"
    ],
    "\u2c4d": [
        "\u2c1d"
    ],
    "\u2c4e": [
        "\u2c1e"
    ],
    "\u2c4f": [
        "\u2c1f"
    ],
    "\u2c50": [
        "\u2c20"
    ],
    "\u2c51": [
        "\u2c21"
    ],
    "\u2c52": [
        "\u2c22"
    ],
    "\u2c53": [
        "\u2c23"
    ],
    "\u2c54": [
        "\u2c24"
    ],
    "\u2c55": [
        "\u2c25"
    ],
    "\u2c56": [
        "\u2c26"
    ],
    "\u2c57": [
        "\u2c27"
    ],
    "\u2c58": [
        "\u2c28"
    ],
    "\u2c59": [
        "\u2c29"
    ],
    "\u2c5a": [
        "\u2c2a"
    ],
    "\u2c5b": [
        "\u2c2b"
    ],
    "\u2c5c": [
        "\u2c2c"
    ],
    "\u2c5d": [
        "\u2c2d"
    ],
    "\u2c5e": [
        "\u2c2e"
    ],
    "\u2c5f": [
        "\u2c2f"
    ],
    "\u2c61": [
        "\u2c60"
    ],
    "\u026b": [
        "\u2c62"
    ],
    "\u1d7d": [
        "\u2c63"
    ],
    "\u027d": [
        "\u2c64"
    ],
    "\u2c68": [
        "\u2c67"
    ],
    "\u2c6a": [
        "\u2c69"
    ],
    "\u2c6c": [
        "\u2c6b"
    ],
    "\u0251": [
        "\u2c6d"
    ],
    "\u0271": [
        "\u2c6e"
    ],
    "\u0250": [
        "\u2c6f"
    ],
    "\u0252": [
        "\u2c70"
    ],
    "\u2c73": [
        "\u2c72"
    ],
    "\u2c76": [
        "\u2c75"
    ],
    "\u023f": [
        "\u2c7e"
    ],
    "\u0240": [
        "\u2c7f"
    ],
    "\u2c81": [
        "\u2c80"
    ],
    "\u2c83": [
        "\u2c82"
    ],
    "\u2c85": [
        "\u2c84"
    ],
    "\u2c87": [
        "\u2c86"
    ],
    "\u2c89": [
        "\u2c88"
    ],
    "\u2c8b": [
        "\u2c8a"
    ],
    "\u2c8d": [
        "\u2c8c"
    ],
    "\u2c8f": [
        "\u2c8e"
    ],
    "\u2c91": [
        "\u2c90"
    ],
    "\u2c93": [
        "\u2c92"
    ],
    "\u2c95": [
        "\u2c94"
    ],
    "\u2c97": [
        "\u2c96"
    ],
    "\u2c99": [
        "\u2c98"
    ],
    "\u2c9b": [
        "\u2c9a"
    ],
    "\u2c9d": [
        "\u2c9c"
    ],
    "\u2c9f": [
        "\u2c9e"
    ],
    "\u2ca1": [
        "\u2ca0"
    ],
    "\u2ca3": [
        "\u2ca2"
    ],
    "\u2ca5": [
        "\u2ca4"
    ],
    "\u2ca7": [
        "\u2ca6"
    ],
    "\u2ca9": [
        "\u2ca8"
    ],
    "\u2cab": [
        "\u2caa"
    ],
    "\u2cad": [
        "\u2cac"
    ],
    "\u2caf": [
        "\u2cae"
    ],
    "\u2cb1": [
        "\u2cb0"
    ],
    "\u2cb3": [
        "\u2cb2"
    ],
    "\u2cb5": [
        "\u2cb4"
    ],
    "\u2cb7": [
        "\u2cb6"
    ],
    "\u2cb9": [
        "\u2cb8"
    ],
    "\u2cbb": [
        "\u2cba"
    ],
    "\u2cbd": [
        "\u2cbc"
    ],
    "\u2cbf": [
        "\u2cbe"
    ],
    "\u2cc1": [
        "\u2cc0"
    ],
    "\u2cc3": [
        "\u2cc2"
    ],
    "\u2cc5": [
        "\u2cc4"
    ],
    "\u2cc7": [
        "\u2cc6"
    ],
    "\u2cc9": [
        "\u2cc8"
    ],
    "\u2ccb": [
        "\u2cca"
    ],
    "\u2ccd": [
        "\u2ccc"
    ],
    "\u2ccf": [
        "\u2cce"
    ],
    "\u2cd1": [
        "\u2cd0"
    ],
    "\u2cd3": [
        "\u2cd2"
    ],
    "\u2cd5": [
        "\u2cd4"
    ],
    "\u2cd7": [
        "\u2cd6"
    ],
    "\u2cd9": [
        "\u2cd8"
    ],
    "\u2cdb": [
        "\u2cda"
    ],
    "\u2cdd": [
        "\u2cdc"
    ],
    "\u2cdf": [
        "\u2cde"
    ],
    "\u2ce1": [
        "\u2ce0"
    ],
    "\u2ce3": [
        "\u2ce2"
    ],
    "\u2cec": [
        "\u2ceb"
    ],
    "\u2cee": [
        "\u2ced"
    ],
    "\u2cf3": [
        "\u2cf2"
    ],
    "\ua641": [
        "\ua640"
    ],
    "\ua643": [
        "\ua642"
    ],
    "\ua645": [
        "\ua644"
    ],
    "\ua647": [
        "\ua646"
    ],
    "\ua649": [
        "\ua648"
    ],
    "\ua64d": [
        "\ua64c"
    ],
    "\ua64f": [
        "\ua64e"
    ],
    "\ua651": [
        "\ua650"
    ],
    "\ua653": [
        "\ua652"
    ],
    "\ua655": [
        "\ua654"
    ],
    "\ua657": [
        "\ua656"
    ],
    "\ua659": [
        "\ua658"
    ],
    "\ua65b": [
        "\ua65a"
    ],
    "\ua65d": [
        "\ua65c"
    ],
    "\ua65f": [
        "\ua65e"
    ],
    "\ua661": [
        "\ua660"
    ],
    "\ua663": [
        "\ua662"
    ],
    "\ua665": [
        "\ua664"
    ],
    "\ua667": [
        "\ua666"
    ],
    "\ua669": [
        "\ua668"
    ],
    "\ua66b": [
        "\ua66a"
    ],
    "\ua66d": [
        "\ua66c"
    ],
    "\ua681": [
        "\ua680"
    ],
    "\ua683": [
        "\ua682"
    ],
    "\ua685": [
        "\ua684"
    ],
    "\ua687": [
        "\ua686"
    ],
    "\ua689": [
        "\ua688"
    ],
    "\ua68b": [
        "\ua68a"
    ],
    "\ua68d": [
        "\ua68c"
    ],
    "\ua68f": [
        "\ua68e"
    ],
    "\ua691": [
        "\ua690"
    ],
    "\ua693": [
        "\ua692"
    ],
    "\ua695": [
        "\ua694"
    ],
    "\ua697": [
        "\ua696"
    ],
    "\ua699": [
        "\ua698"
    ],
    "\ua69b": [
        "\ua69a"
    ],
    "\ua723": [
        "\ua722"
    ],
    "\ua725": [
        "\ua724"
    ],
    "\ua727": [
        "\ua726"
    ],
    "\ua729": [
        "\ua728"
    ],
    "\ua72b": [
        "\ua72a"
    ],
    "\ua72d": [
        "\ua72c"
    ],
    "\ua72f": [
        "\ua72e"
    ],
    "\ua733": [
        "\ua732"
    ],
    "\ua735": [
        "\ua734"
    ],
    "\ua737": [
        "\ua736"
    ],
    "\ua739": [
        "\ua738"
    ],
    "\ua73b": [
        "\ua73a"
    ],
    "\ua73d": [
        "\ua73c"
    ],
    "\ua73f": [
        "\ua73e"
    ],
    "\ua741": [
        "\ua740"
    ],
    "\ua743": [
        "\ua742"
    ],
    "\ua745": [
        "\ua744"
    ],
    "\ua747": [
        "\ua746"
    ],
    "\ua749": [
        "\ua748"
    ],
    "\ua74b": [
        "\ua74a"
    ],
    "\ua74d": [
        "\ua74c"
    ],
    "\ua74f": [
        "\ua74e"
    ],
    "\ua751": [
        "\ua750"
    ],
    "\ua753": [
        "\ua752"
    ],
    "\ua755": [
        "\ua754"
    ],
    "\ua757": [
        "\ua756"
    ],
    "\ua759": [
        "\ua758"
    ],
    "\ua75b": [
        "\ua75a"
    ],
    "\ua75d": [
        "\ua75c"
    ],
    "\ua75f": [
        "\ua75e"
    ],
    "\ua761": [
        "\ua760"
    ],
    "\ua763": [
        "\ua762"
    ],
    "\ua765": [
        "\ua764"
    ],
    "\ua767": [
        "\ua766"
    ],
    "\ua769": [
        "\ua768"
    ],
    "\ua76b": [
        "\ua76a"
    ],
    "\ua76d": [
        "\ua76c"
    ],
    "\ua76f": [
        "\ua76e"
    ],
    "\ua77a": [
        "\ua779"
    ],
    "\ua77c": [
        "\ua77b"
    ],
    "\u1d79": [
        "\ua77d"
    ],
    "\ua77f": [
        "\ua77e"
    ],
    "\ua781": [
        "\ua780"
    ],
    "\ua783": [
        "\ua782"
    ],
    "\ua785": [
        "\ua784"
    ],
    "\ua787": [
        "\ua786"
    ],
    "\ua78c": [
        "\ua78b"
    ],
    "\u0265": [
        "\ua78d"
    ],
    "\ua791": [
        "\ua790"
    ],
    "\ua793": [
        "\ua792"
    ],
    "\ua797": [
        "\ua796"
    ],
    "\ua799": [
        "\ua798"
    ],
    "\ua79b": [
        "\ua79a"
    ],
    "\ua79d": [
        "\ua79c"
    ],
    "\ua79f": [
        "\ua79e"
    ],
    "\ua7a1": [
        "\ua7a0"
    ],
    "\ua7a3": [
        "\ua7a2"
    ],
    "\ua7a5": [
        "\ua7a4"
    ],
    "\ua7a7": [
        "\ua7a6"
    ],
    "\ua7a9": [
        "\ua7a8"
    ],
    "\u0266": [
        "\ua7aa"
    ],
    "\u025c": [
        "\ua7ab"
    ],
    "\u0261": [
        "\ua7ac"
    ],
    "\u026c": [
        "\ua7ad"
    ],
    "\u026a": [
        "\ua7ae"
    ],
    "\u029e": [
        "\ua7b0"
    ],
    "\u0287": [
        "\ua7b1"
    ],
    "\u029d": [
        "\ua7b2"
    ],
    "\uab53": [
        "\ua7b3"
    ],
    "\ua7b5": [
        "\ua7b4"
    ],
    "\ua7b7": [
        "\ua7b6"
    ],
    "\ua7b9": [
        "\ua7b8"
    ],
    "\ua7bb": [
        "\ua7ba"
    ],
    "\ua7bd": [
        "\ua7bc"
    ],
    "\ua7bf": [
        "\ua7be"
    ],
    "\ua7c1": [
        "\ua7c0"
    ],
    "\ua7c3": [
        "\ua7c2"
    ],
    "\ua794": [
        "\ua7c4"
    ],
    "\u0282": [
        "\ua7c5"
    ],
    "\u1d8e": [
        "\ua7c6"
    ],
    "\ua7c8": [
        "\ua7c7"
    ],
    "\ua7ca": [
        "\ua7c9"
    ],
    "\ua7d1": [
        "\ua7d0"
    ],
    "\ua7d7": [
        "\ua7d6"
    ],
    "\ua7d9": [
        "\ua7d8"
    ],
    "\ua7f6": [
        "\ua7f5"
    ],
    "\u13a0": [
        "\uab70"
    ],
    "\u13a1": [
        "\uab71"
    ],
    "\u13a2": [
        "\uab72"
    ],
    "\u13a3": [
        "\uab73"
    ],
    "\u13a4": [
        "\uab74"
    ],
    "\u13a5": [
        "\uab75"
    ],
    "\u13a6": [
        "\uab76"
    ],
    "\u13a7": [
        "\uab77"
    ],
    "\u13a8": [
        "\uab78"
    ],
    "\u13a9": [
        "\uab79"
    ],
    "\u13aa": [
        "\uab7a"
    ],
    "\u13ab": [
        "\uab7b"
    ],
    "\u13ac": [
        "\uab7c"
    ],
    "\u13ad": [
        "\uab7d"
    ],
    "\u13ae": [
        "\uab7e"
    ],
    "\u13af": [
        "\uab7f"
    ],
    "\u13b0": [
        "\uab80"
    ],
    "\u13b1": [
        "\uab81"
    ],
    "\u13b2": [
        "\uab82"
    ],
    "\u13b3": [
        "\uab83"
    ],
    "\u13b4": [
        "\uab84"
    ],
    "\u13b5": [
        "\uab85"
    ],
    "\u13b6": [
        "\uab86"
    ],
    "\u13b7": [
        "\uab87"
    ],
    "\u13b8": [
        "\uab88"
    ],
    "\u13b9": [
        "\uab89"
    ],
    "\u13ba": [
        "\uab8a"
    ],
    "\u13bb": [
        "\uab8b"
    ],
    "\u13bc": [
        "\uab8c"
    ],
    "\u13bd": [
        "\uab8d"
    ],
    "\u13be": [
        "\uab8e"
    ],
    "\u13bf": [
        "\uab8f"
    ],
    "\u13c0": [
        "\uab90"
    ],
    "\u13c1": [
        "\uab91"
    ],
    "\u13c2": [
        "\uab92"
    ],
    "\u13c3": [
        "\uab93"
    ],
    "\u13c4": [
        "\uab94"
    ],
    "\u13c5": [
        "\uab95"
    ],
    "\u13c6": [
        "\uab96"
    ],
    "\u13c7": [
        "\uab97"
    ],
    "\u13c8": [
        "\uab98"
    ],
    "\u13c9": [
        "\uab99"
    ],
    "\u13ca": [
        "\uab9a"
    ],
    "\u13cb": [
        "\uab9b"
    ],
    "\u13cc": [
        "\uab9c"
    ],
    "\u13cd": [
        "\uab9d"
    ],
    "\u13ce": [
        "\uab9e"
    ],
    "\u13cf": [
        "\uab9f"
    ],
    "\u13d0": [
        "\uaba0"
    ],
    "\u13d1": [
        "\uaba1"
    ],
    "\u13d2": [
        "\uaba2"
    ],
    "\u13d3": [
        "\uaba3"
    ],
    "\u13d4": [
        "\uaba4"
    ],
    "\u13d5": [
        "\uaba5"
    ],
    "\u13d6": [
        "\uaba6"
    ],
    "\u13d7": [
        "\uaba7"
    ],
    "\u13d8": [
        "\uaba8"
    ],
    "\u13d9": [
        "\uaba9"
    ],
    "\u13da": [
        "\uabaa"
    ],
    "\u13db": [
        "\uabab"
    ],
    "\u13dc": [
        "\uabac"
    ],
    "\u13dd": [
        "\uabad"
    ],
    "\u13de": [
        "\uabae"
    ],
    "\u13df": [
        "\uabaf"
    ],
    "\u13e0": [
        "\uabb0"
    ],
    "\u13e1": [
        "\uabb1"
    ],
    "\u13e2": [
        "\uabb2"
    ],
    "\u13e3": [
        "\uabb3"
    ],
    "\u13e4": [
        "\uabb4"
    ],
    "\u13e5": [
        "\uabb5"
    ],
    "\u13e6": [
        "\uabb6"
    ],
    "\u13e7": [
        "\uabb7"
    ],
    "\u13e8": [
        "\uabb8"
    ],
    "\u13e9": [
        "\uabb9"
    ],
    "\u13ea": [
        "\uabba"
    ],
    "\u13eb": [
        "\uabbb"
    ],
    "\u13ec": [
        "\uabbc"
    ],
    "\u13ed": [
        "\uabbd"
    ],
    "\u13ee": [
        "\uabbe"
    ],
    "\u13ef": [
        "\uabbf"
    ],
    "ff": [
        "\ufb00"
    ],
    "fi": [
        "\ufb01"
    ],
    "fl": [
        "\ufb02"
    ],
    "ffi": [
        "\ufb03"
    ],
    "ffl": [
        "\ufb04"
    ],
    "st": [
        "\ufb05",
        "\ufb06"
    ],
    "\u0574\u0576": [
        "\ufb13"
    ],
    "\u0574\u0565": [
        "\ufb14"
    ],
    "\u0574\u056b": [
        "\ufb15"
    ],
    "\u057e\u0576": [
        "\ufb16"
    ],
    "\u0574\u056d": [
        "\ufb17"
    ],
    "\uff41": [
        "\uff21"
    ],
    "\uff42": [
        "\uff22"
    ],
    "\uff43": [
        "\uff23"
    ],
    "\uff44": [
        "\uff24"
    ],
    "\uff45": [
        "\uff25"
    ],
    "\uff46": [
        "\uff26"
    ],
    "\uff47": [
        "\uff27"
    ],
    "\uff48": [
        "\uff28"
    ],
    "\uff49": [
        "\uff29"
    ],
    "\uff4a": [
        "\uff2a"
    ],
    "\uff4b": [
        "\uff2b"
    ],
    "\uff4c": [
        "\uff2c"
    ],
    "\uff4d": [
        "\uff2d"
    ],
    "\uff4e": [
        "\uff2e"
    ],
    "\uff4f": [
        "\uff2f"
    ],
    "\uff50": [
        "\uff30"
    ],
    "\uff51": [
        "\uff31"
    ],
    "\uff52": [
        "\uff32"
    ],
    "\uff53": [
        "\uff33"
    ],
    "\uff54": [
        "\uff34"
    ],
    "\uff55": [
        "\uff35"
    ],
    "\uff56": [
        "\uff36"
    ],
    "\uff57": [
        "\uff37"
    ],
    "\uff58": [
        "\uff38"
    ],
    "\uff59": [
        "\uff39"
    ],
    "\uff5a": [
        "\uff3a"
    ],
    "\ud801\udc28": [
        "\ud801\udc00"
    ],
    "\ud801\udc29": [
        "\ud801\udc01"
    ],
    "\ud801\udc2a": [
        "\ud801\udc02"
    ],
    "\ud801\udc2b": [
        "\ud801\udc03"
    ],
    "\ud801\udc2c": [
        "\ud801\udc04"
    ],
    "\ud801\udc2d": [
        "\ud801\udc05"
    ],
    "\ud801\udc2e": [
        "\ud801\udc06"
    ],
    "\ud801\udc2f": [
        "\ud801\udc07"
    ],
    "\ud801\udc30": [
        "\ud801\udc08"
    ],
    "\ud801\udc31": [
        "\ud801\udc09"
    ],
    "\ud801\udc32": [
        "\ud801\udc0a"
    ],
    "\ud801\udc33": [
        "\ud801\udc0b"
    ],
    "\ud801\udc34": [
        "\ud801\udc0c"
    ],
    "\ud801\udc35": [
        "\ud801\udc0d"
    ],
    "\ud801\udc36": [
        "\ud801\udc0e"
    ],
    "\ud801\udc37": [
        "\ud801\udc0f"
    ],
    "\ud801\udc38": [
        "\ud801\udc10"
    ],
    "\ud801\udc39": [
        "\ud801\udc11"
    ],
    "\ud801\udc3a": [
        "\ud801\udc12"
    ],
    "\ud801\udc3b": [
        "\ud801\udc13"
    ],
    "\ud801\udc3c": [
        "\ud801\udc14"
    ],
    "\ud801\udc3d": [
        "\ud801\udc15"
    ],
    "\ud801\udc3e": [
        "\ud801\udc16"
    ],
    "\ud801\udc3f": [
        "\ud801\udc17"
    ],
    "\ud801\udc40": [
        "\ud801\udc18"
    ],
    "\ud801\udc41": [
        "\ud801\udc19"
    ],
    "\ud801\udc42": [
        "\ud801\udc1a"
    ],
    "\ud801\udc43": [
        "\ud801\udc1b"
    ],
    "\ud801\udc44": [
        "\ud801\udc1c"
    ],
    "\ud801\udc45": [
        "\ud801\udc1d"
    ],
    "\ud801\udc46": [
        "\ud801\udc1e"
    ],
    "\ud801\udc47": [
        "\ud801\udc1f"
    ],
    "\ud801\udc48": [
        "\ud801\udc20"
    ],
    "\ud801\udc49": [
        "\ud801\udc21"
    ],
    "\ud801\udc4a": [
        "\ud801\udc22"
    ],
    "\ud801\udc4b": [
        "\ud801\udc23"
    ],
    "\ud801\udc4c": [
        "\ud801\udc24"
    ],
    "\ud801\udc4d": [
        "\ud801\udc25"
    ],
    "\ud801\udc4e": [
        "\ud801\udc26"
    ],
    "\ud801\udc4f": [
        "\ud801\udc27"
    ],
    "\ud801\udcd8": [
        "\ud801\udcb0"
    ],
    "\ud801\udcd9": [
        "\ud801\udcb1"
    ],
    "\ud801\udcda": [
        "\ud801\udcb2"
    ],
    "\ud801\udcdb": [
        "\ud801\udcb3"
    ],
    "\ud801\udcdc": [
        "\ud801\udcb4"
    ],
    "\ud801\udcdd": [
        "\ud801\udcb5"
    ],
    "\ud801\udcde": [
        "\ud801\udcb6"
    ],
    "\ud801\udcdf": [
        "\ud801\udcb7"
    ],
    "\ud801\udce0": [
        "\ud801\udcb8"
    ],
    "\ud801\udce1": [
        "\ud801\udcb9"
    ],
    "\ud801\udce2": [
        "\ud801\udcba"
    ],
    "\ud801\udce3": [
        "\ud801\udcbb"
    ],
    "\ud801\udce4": [
        "\ud801\udcbc"
    ],
    "\ud801\udce5": [
        "\ud801\udcbd"
    ],
    "\ud801\udce6": [
        "\ud801\udcbe"
    ],
    "\ud801\udce7": [
        "\ud801\udcbf"
    ],
    "\ud801\udce8": [
        "\ud801\udcc0"
    ],
    "\ud801\udce9": [
        "\ud801\udcc1"
    ],
    "\ud801\udcea": [
        "\ud801\udcc2"
    ],
    "\ud801\udceb": [
        "\ud801\udcc3"
    ],
    "\ud801\udcec": [
        "\ud801\udcc4"
    ],
    "\ud801\udced": [
        "\ud801\udcc5"
    ],
    "\ud801\udcee": [
        "\ud801\udcc6"
    ],
    "\ud801\udcef": [
        "\ud801\udcc7"
    ],
    "\ud801\udcf0": [
        "\ud801\udcc8"
    ],
    "\ud801\udcf1": [
        "\ud801\udcc9"
    ],
    "\ud801\udcf2": [
        "\ud801\udcca"
    ],
    "\ud801\udcf3": [
        "\ud801\udccb"
    ],
    "\ud801\udcf4": [
        "\ud801\udccc"
    ],
    "\ud801\udcf5": [
        "\ud801\udccd"
    ],
    "\ud801\udcf6": [
        "\ud801\udcce"
    ],
    "\ud801\udcf7": [
        "\ud801\udccf"
    ],
    "\ud801\udcf8": [
        "\ud801\udcd0"
    ],
    "\ud801\udcf9": [
        "\ud801\udcd1"
    ],
    "\ud801\udcfa": [
        "\ud801\udcd2"
    ],
    "\ud801\udcfb": [
        "\ud801\udcd3"
    ],
    "\ud801\udd97": [
        "\ud801\udd70"
    ],
    "\ud801\udd98": [
        "\ud801\udd71"
    ],
    "\ud801\udd99": [
        "\ud801\udd72"
    ],
    "\ud801\udd9a": [
        "\ud801\udd73"
    ],
    "\ud801\udd9b": [
        "\ud801\udd74"
    ],
    "\ud801\udd9c": [
        "\ud801\udd75"
    ],
    "\ud801\udd9d": [
        "\ud801\udd76"
    ],
    "\ud801\udd9e": [
        "\ud801\udd77"
    ],
    "\ud801\udd9f": [
        "\ud801\udd78"
    ],
    "\ud801\udda0": [
        "\ud801\udd79"
    ],
    "\ud801\udda1": [
        "\ud801\udd7a"
    ],
    "\ud801\udda3": [
        "\ud801\udd7c"
    ],
    "\ud801\udda4": [
        "\ud801\udd7d"
    ],
    "\ud801\udda5": [
        "\ud801\udd7e"
    ],
    "\ud801\udda6": [
        "\ud801\udd7f"
    ],
    "\ud801\udda7": [
        "\ud801\udd80"
    ],
    "\ud801\udda8": [
        "\ud801\udd81"
    ],
    "\ud801\udda9": [
        "\ud801\udd82"
    ],
    "\ud801\uddaa": [
        "\ud801\udd83"
    ],
    "\ud801\uddab": [
        "\ud801\udd84"
    ],
    "\ud801\uddac": [
        "\ud801\udd85"
    ],
    "\ud801\uddad": [
        "\ud801\udd86"
    ],
    "\ud801\uddae": [
        "\ud801\udd87"
    ],
    "\ud801\uddaf": [
        "\ud801\udd88"
    ],
    "\ud801\uddb0": [
        "\ud801\udd89"
    ],
    "\ud801\uddb1": [
        "\ud801\udd8a"
    ],
    "\ud801\uddb3": [
        "\ud801\udd8c"
    ],
    "\ud801\uddb4": [
        "\ud801\udd8d"
    ],
    "\ud801\uddb5": [
        "\ud801\udd8e"
    ],
    "\ud801\uddb6": [
        "\ud801\udd8f"
    ],
    "\ud801\uddb7": [
        "\ud801\udd90"
    ],
    "\ud801\uddb8": [
        "\ud801\udd91"
    ],
    "\ud801\uddb9": [
        "\ud801\udd92"
    ],
    "\ud801\uddbb": [
        "\ud801\udd94"
    ],
    "\ud801\uddbc": [
        "\ud801\udd95"
    ],
    "\ud803\udcc0": [
        "\ud803\udc80"
    ],
    "\ud803\udcc1": [
        "\ud803\udc81"
    ],
    "\ud803\udcc2": [
        "\ud803\udc82"
    ],
    "\ud803\udcc3": [
        "\ud803\udc83"
    ],
    "\ud803\udcc4": [
        "\ud803\udc84"
    ],
    "\ud803\udcc5": [
        "\ud803\udc85"
    ],
    "\ud803\udcc6": [
        "\ud803\udc86"
    ],
    "\ud803\udcc7": [
        "\ud803\udc87"
    ],
    "\ud803\udcc8": [
        "\ud803\udc88"
    ],
    "\ud803\udcc9": [
        "\ud803\udc89"
    ],
    "\ud803\udcca": [
        "\ud803\udc8a"
    ],
    "\ud803\udccb": [
        "\ud803\udc8b"
    ],
    "\ud803\udccc": [
        "\ud803\udc8c"
    ],
    "\ud803\udccd": [
        "\ud803\udc8d"
    ],
    "\ud803\udcce": [
        "\ud803\udc8e"
    ],
    "\ud803\udccf": [
        "\ud803\udc8f"
    ],
    "\ud803\udcd0": [
        "\ud803\udc90"
    ],
    "\ud803\udcd1": [
        "\ud803\udc91"
    ],
    "\ud803\udcd2": [
        "\ud803\udc92"
    ],
    "\ud803\udcd3": [
        "\ud803\udc93"
    ],
    "\ud803\udcd4": [
        "\ud803\udc94"
    ],
    "\ud803\udcd5": [
        "\ud803\udc95"
    ],
    "\ud803\udcd6": [
        "\ud803\udc96"
    ],
    "\ud803\udcd7": [
        "\ud803\udc97"
    ],
    "\ud803\udcd8": [
        "\ud803\udc98"
    ],
    "\ud803\udcd9": [
        "\ud803\udc99"
    ],
    "\ud803\udcda": [
        "\ud803\udc9a"
    ],
    "\ud803\udcdb": [
        "\ud803\udc9b"
    ],
    "\ud803\udcdc": [
        "\ud803\udc9c"
    ],
    "\ud803\udcdd": [
        "\ud803\udc9d"
    ],
    "\ud803\udcde": [
        "\ud803\udc9e"
    ],
    "\ud803\udcdf": [
        "\ud803\udc9f"
    ],
    "\ud803\udce0": [
        "\ud803\udca0"
    ],
    "\ud803\udce1": [
        "\ud803\udca1"
    ],
    "\ud803\udce2": [
        "\ud803\udca2"
    ],
    "\ud803\udce3": [
        "\ud803\udca3"
    ],
    "\ud803\udce4": [
        "\ud803\udca4"
    ],
    "\ud803\udce5": [
        "\ud803\udca5"
    ],
    "\ud803\udce6": [
        "\ud803\udca6"
    ],
    "\ud803\udce7": [
        "\ud803\udca7"
    ],
    "\ud803\udce8": [
        "\ud803\udca8"
    ],
    "\ud803\udce9": [
        "\ud803\udca9"
    ],
    "\ud803\udcea": [
        "\ud803\udcaa"
    ],
    "\ud803\udceb": [
        "\ud803\udcab"
    ],
    "\ud803\udcec": [
        "\ud803\udcac"
    ],
    "\ud803\udced": [
        "\ud803\udcad"
    ],
    "\ud803\udcee": [
        "\ud803\udcae"
    ],
    "\ud803\udcef": [
        "\ud803\udcaf"
    ],
    "\ud803\udcf0": [
        "\ud803\udcb0"
    ],
    "\ud803\udcf1": [
        "\ud803\udcb1"
    ],
    "\ud803\udcf2": [
        "\ud803\udcb2"
    ],
    "\ud806\udcc0": [
        "\ud806\udca0"
    ],
    "\ud806\udcc1": [
        "\ud806\udca1"
    ],
    "\ud806\udcc2": [
        "\ud806\udca2"
    ],
    "\ud806\udcc3": [
        "\ud806\udca3"
    ],
    "\ud806\udcc4": [
        "\ud806\udca4"
    ],
    "\ud806\udcc5": [
        "\ud806\udca5"
    ],
    "\ud806\udcc6": [
        "\ud806\udca6"
    ],
    "\ud806\udcc7": [
        "\ud806\udca7"
    ],
    "\ud806\udcc8": [
        "\ud806\udca8"
    ],
    "\ud806\udcc9": [
        "\ud806\udca9"
    ],
    "\ud806\udcca": [
        "\ud806\udcaa"
    ],
    "\ud806\udccb": [
        "\ud806\udcab"
    ],
    "\ud806\udccc": [
        "\ud806\udcac"
    ],
    "\ud806\udccd": [
        "\ud806\udcad"
    ],
    "\ud806\udcce": [
        "\ud806\udcae"
    ],
    "\ud806\udccf": [
        "\ud806\udcaf"
    ],
    "\ud806\udcd0": [
        "\ud806\udcb0"
    ],
    "\ud806\udcd1": [
        "\ud806\udcb1"
    ],
    "\ud806\udcd2": [
        "\ud806\udcb2"
    ],
    "\ud806\udcd3": [
        "\ud806\udcb3"
    ],
    "\ud806\udcd4": [
        "\ud806\udcb4"
    ],
    "\ud806\udcd5": [
        "\ud806\udcb5"
    ],
    "\ud806\udcd6": [
        "\ud806\udcb6"
    ],
    "\ud806\udcd7": [
        "\ud806\udcb7"
    ],
    "\ud806\udcd8": [
        "\ud806\udcb8"
    ],
    "\ud806\udcd9": [
        "\ud806\udcb9"
    ],
    "\ud806\udcda": [
        "\ud806\udcba"
    ],
    "\ud806\udcdb": [
        "\ud806\udcbb"
    ],
    "\ud806\udcdc": [
        "\ud806\udcbc"
    ],
    "\ud806\udcdd": [
        "\ud806\udcbd"
    ],
    "\ud806\udcde": [
        "\ud806\udcbe"
    ],
    "\ud806\udcdf": [
        "\ud806\udcbf"
    ],
    "\ud81b\ude60": [
        "\ud81b\ude40"
    ],
    "\ud81b\ude61": [
        "\ud81b\ude41"
    ],
    "\ud81b\ude62": [
        "\ud81b\ude42"
    ],
    "\ud81b\ude63": [
        "\ud81b\ude43"
    ],
    "\ud81b\ude64": [
        "\ud81b\ude44"
    ],
    "\ud81b\ude65": [
        "\ud81b\ude45"
    ],
    "\ud81b\ude66": [
        "\ud81b\ude46"
    ],
    "\ud81b\ude67": [
        "\ud81b\ude47"
    ],
    "\ud81b\ude68": [
        "\ud81b\ude48"
    ],
    "\ud81b\ude69": [
        "\ud81b\ude49"
    ],
    "\ud81b\ude6a": [
        "\ud81b\ude4a"
    ],
    "\ud81b\ude6b": [
        "\ud81b\ude4b"
    ],
    "\ud81b\ude6c": [
        "\ud81b\ude4c"
    ],
    "\ud81b\ude6d": [
        "\ud81b\ude4d"
    ],
    "\ud81b\ude6e": [
        "\ud81b\ude4e"
    ],
    "\ud81b\ude6f": [
        "\ud81b\ude4f"
    ],
    "\ud81b\ude70": [
        "\ud81b\ude50"
    ],
    "\ud81b\ude71": [
        "\ud81b\ude51"
    ],
    "\ud81b\ude72": [
        "\ud81b\ude52"
    ],
    "\ud81b\ude73": [
        "\ud81b\ude53"
    ],
    "\ud81b\ude74": [
        "\ud81b\ude54"
    ],
    "\ud81b\ude75": [
        "\ud81b\ude55"
    ],
    "\ud81b\ude76": [
        "\ud81b\ude56"
    ],
    "\ud81b\ude77": [
        "\ud81b\ude57"
    ],
    "\ud81b\ude78": [
        "\ud81b\ude58"
    ],
    "\ud81b\ude79": [
        "\ud81b\ude59"
    ],
    "\ud81b\ude7a": [
        "\ud81b\ude5a"
    ],
    "\ud81b\ude7b": [
        "\ud81b\ude5b"
    ],
    "\ud81b\ude7c": [
        "\ud81b\ude5c"
    ],
    "\ud81b\ude7d": [
        "\ud81b\ude5d"
    ],
    "\ud81b\ude7e": [
        "\ud81b\ude5e"
    ],
    "\ud81b\ude7f": [
        "\ud81b\ude5f"
    ],
    "\ud83a\udd22": [
        "\ud83a\udd00"
    ],
    "\ud83a\udd23": [
        "\ud83a\udd01"
    ],
    "\ud83a\udd24": [
        "\ud83a\udd02"
    ],
    "\ud83a\udd25": [
        "\ud83a\udd03"
    ],
    "\ud83a\udd26": [
        "\ud83a\udd04"
    ],
    "\ud83a\udd27": [
        "\ud83a\udd05"
    ],
    "\ud83a\udd28": [
        "\ud83a\udd06"
    ],
    "\ud83a\udd29": [
        "\ud83a\udd07"
    ],
    "\ud83a\udd2a": [
        "\ud83a\udd08"
    ],
    "\ud83a\udd2b": [
        "\ud83a\udd09"
    ],
    "\ud83a\udd2c": [
        "\ud83a\udd0a"
    ],
    "\ud83a\udd2d": [
        "\ud83a\udd0b"
    ],
    "\ud83a\udd2e": [
        "\ud83a\udd0c"
    ],
    "\ud83a\udd2f": [
        "\ud83a\udd0d"
    ],
    "\ud83a\udd30": [
        "\ud83a\udd0e"
    ],
    "\ud83a\udd31": [
        "\ud83a\udd0f"
    ],
    "\ud83a\udd32": [
        "\ud83a\udd10"
    ],
    "\ud83a\udd33": [
        "\ud83a\udd11"
    ],
    "\ud83a\udd34": [
        "\ud83a\udd12"
    ],
    "\ud83a\udd35": [
        "\ud83a\udd13"
    ],
    "\ud83a\udd36": [
        "\ud83a\udd14"
    ],
    "\ud83a\udd37": [
        "\ud83a\udd15"
    ],
    "\ud83a\udd38": [
        "\ud83a\udd16"
    ],
    "\ud83a\udd39": [
        "\ud83a\udd17"
    ],
    "\ud83a\udd3a": [
        "\ud83a\udd18"
    ],
    "\ud83a\udd3b": [
        "\ud83a\udd19"
    ],
    "\ud83a\udd3c": [
        "\ud83a\udd1a"
    ],
    "\ud83a\udd3d": [
        "\ud83a\udd1b"
    ],
    "\ud83a\udd3e": [
        "\ud83a\udd1c"
    ],
    "\ud83a\udd3f": [
        "\ud83a\udd1d"
    ],
    "\ud83a\udd40": [
        "\ud83a\udd1e"
    ],
    "\ud83a\udd41": [
        "\ud83a\udd1f"
    ],
    "\ud83a\udd42": [
        "\ud83a\udd20"
    ],
    "\ud83a\udd43": [
        "\ud83a\udd21"
    ]
}